Date,Real,Pred,Stock
2015-06-22,539.590027,537.0812,GOOG
2015-06-23,539.640015,539.6085,GOOG
2015-06-24,540.0,540.74316,GOOG
2015-06-25,538.869995,539.24805,GOOG
2015-06-26,537.26001,537.98846,GOOG
2015-06-29,525.01001,536.8333,GOOG
2015-06-30,526.02002,530.2907,GOOG
2015-07-01,524.72998,526.6222,GOOG
2015-07-02,521.080017,525.5458,GOOG
2015-07-06,519.5,525.2931,GOOG
2015-07-07,523.130005,524.71576,GOOG
2015-07-08,521.049988,524.47314,GOOG
2015-07-09,523.119995,521.2652,GOOG
2015-07-10,526.289978,522.32837,GOOG
2015-07-13,532.880005,527.6249,GOOG
2015-07-14,546.76001,537.67444,GOOG
2015-07-15,560.130005,550.7815,GOOG
2015-07-16,565.119995,556.8198,GOOG
2015-07-17,649.0,568.9833,GOOG
2015-07-20,659.23999,623.99976,GOOG
2015-07-21,655.210022,648.17633,GOOG
2015-07-22,660.890015,653.3794,GOOG
2015-07-23,661.27002,655.4673,GOOG
2015-07-24,647.0,647.5481,GOOG
2015-07-27,621.0,633.5658,GOOG
2015-07-28,632.830017,626.9571,GOOG
2015-07-29,628.799988,627.1253,GOOG
2015-07-30,630.0,630.2279,GOOG
2015-07-31,631.380005,629.41345,GOOG
2015-08-03,625.340027,624.84424,GOOG
2015-08-04,628.419983,626.0183,GOOG
2015-08-05,634.330017,627.16583,GOOG
2015-08-06,645.0,633.7224,GOOG
2015-08-07,640.22998,636.90704,GOOG
2015-08-10,639.47998,635.40173,GOOG
2015-08-11,669.200012,633.76245,GOOG
2015-08-12,663.080017,649.1597,GOOG
2015-08-13,659.322021,654.62537,GOOG
2015-08-14,655.01001,653.9702,GOOG
2015-08-17,656.799988,652.6555,GOOG
2015-08-18,661.900024,653.0459,GOOG
2015-08-19,656.599976,652.2698,GOOG
2015-08-20,655.460022,654.21967,GOOG
2015-08-21,639.780029,650.65393,GOOG
2015-08-24,573.0,634.07434,GOOG
2015-08-25,614.909973,608.27747,GOOG
2015-08-26,610.349976,595.36066,GOOG
2015-08-27,639.400024,614.4553,GOOG
2015-08-28,632.820007,629.29114,GOOG
2015-08-31,627.539978,631.176,GOOG
2015-09-01,602.359985,625.8782,GOOG
2015-09-02,605.590027,611.5324,GOOG
2015-09-03,617.0,607.1559,GOOG
2015-09-04,600.0,607.5896,GOOG
2015-09-08,612.48999,605.92377,GOOG
2015-09-09,621.219971,610.6977,GOOG
2015-09-10,613.099976,614.0536,GOOG
2015-09-11,619.75,615.63477,GOOG
2015-09-14,625.700012,617.27826,GOOG
2015-09-15,626.700012,619.2694,GOOG
2015-09-16,635.469971,625.68475,GOOG
2015-09-17,637.789978,629.9935,GOOG
2015-09-18,636.789978,635.37573,GOOG
2015-09-21,634.400024,633.547,GOOG
2015-09-22,627.0,630.8869,GOOG
2015-09-23,622.049988,626.0827,GOOG
2015-09-24,616.640015,622.13696,GOOG
2015-09-25,629.77002,621.8734,GOOG
2015-09-28,610.340027,617.94653,GOOG
2015-09-29,597.280029,608.3805,GOOG
2015-09-30,603.280029,600.94794,GOOG
2015-10-01,608.369995,604.4844,GOOG
2015-10-02,607.200012,607.3348,GOOG
2015-10-05,632.0,614.8097,GOOG
2015-10-06,638.840027,626.3767,GOOG
2015-10-07,649.23999,636.066,GOOG
2015-10-08,641.359985,637.13007,GOOG
2015-10-09,640.0,634.3241,GOOG
2015-10-12,642.090027,635.693,GOOG
2015-10-13,643.150024,639.27954,GOOG
2015-10-14,653.210022,643.8639,GOOG
2015-10-15,654.659973,646.0786,GOOG
2015-10-16,664.109985,652.1528,GOOG
2015-10-19,661.179993,654.87146,GOOG
2015-10-20,664.039978,656.94806,GOOG
2015-10-21,654.150024,652.0121,GOOG
2015-10-22,646.700012,645.881,GOOG
2015-10-23,727.5,648.67316,GOOG
2015-10-26,701.549988,680.9962,GOOG
2015-10-27,707.380005,699.6199,GOOG
2015-10-28,707.330017,701.3981,GOOG
2015-10-29,710.5,700.9223,GOOG
2015-10-30,715.72998,703.0763,GOOG
2015-11-02,711.059998,702.9918,GOOG
2015-11-03,718.859985,705.78894,GOOG
2015-11-04,722.0,710.59436,GOOG
2015-11-05,729.469971,717.4878,GOOG
2015-11-06,731.5,721.57495,GOOG
2015-11-09,730.200012,721.3268,GOOG
2015-11-10,724.400024,718.8391,GOOG
2015-11-11,732.460022,718.5293,GOOG
2015-11-12,731.0,723.14795,GOOG
2015-11-13,729.169983,724.67676,GOOG
2015-11-16,715.599976,718.4469,GOOG
2015-11-17,729.289978,717.4785,GOOG
2015-11-18,727.580017,718.22687,GOOG
2015-11-19,738.73999,724.5906,GOOG
2015-11-20,746.530029,728.0333,GOOG
2015-11-23,757.450012,737.93726,GOOG
2015-11-24,752.0,743.5884,GOOG
2015-11-25,748.140015,741.421,GOOG
2015-11-27,748.460022,738.1544,GOOG
2015-11-30,748.809998,739.6233,GOOG
2015-12-01,747.109985,738.77655,GOOG
2015-12-02,768.900024,746.1012,GOOG
2015-12-03,766.01001,752.0299,GOOG
2015-12-04,753.099976,749.87964,GOOG
2015-12-07,767.77002,751.5437,GOOG
2015-12-08,757.890015,751.81396,GOOG
2015-12-09,759.169983,751.949,GOOG
2015-12-10,752.849976,746.95557,GOOG
2015-12-11,741.159973,743.4192,GOOG
2015-12-14,741.789978,738.3519,GOOG
2015-12-15,753.0,736.3355,GOOG
2015-12-16,750.0,737.67615,GOOG
2015-12-17,762.419983,743.506,GOOG
2015-12-18,746.51001,744.59875,GOOG
2015-12-21,746.130005,740.3254,GOOG
2015-12-22,751.650024,737.8893,GOOG
2015-12-23,753.469971,740.2317,GOOG
2015-12-24,749.549988,741.49414,GOOG
2015-12-28,752.919983,740.3566,GOOG
2015-12-29,766.690002,746.3352,GOOG
2015-12-30,776.599976,756.7563,GOOG
2015-12-31,769.5,759.67816,GOOG
2016-01-04,743.0,754.7433,GOOG
2016-01-05,746.450012,742.3418,GOOG
2016-01-06,730.0,736.67554,GOOG
2016-01-07,730.309998,735.6986,GOOG
2016-01-08,731.450012,727.76733,GOOG
2016-01-11,716.609985,719.43506,GOOG
2016-01-12,721.679993,714.9081,GOOG
2016-01-13,730.849976,716.8283,GOOG
2016-01-14,705.380005,709.53656,GOOG
2016-01-15,692.289978,706.61316,GOOG
2016-01-19,703.299988,698.7554,GOOG
2016-01-20,688.609985,697.4082,GOOG
2016-01-21,702.179993,694.8921,GOOG
2016-01-22,723.599976,697.14246,GOOG
2016-01-25,723.580017,710.70844,GOOG
2016-01-26,713.849976,712.19995,GOOG
2016-01-27,713.669983,707.8783,GOOG
2016-01-28,722.219971,700.7783,GOOG
2016-01-29,731.530029,711.03406,GOOG
2016-02-01,750.460022,724.348,GOOG
2016-02-02,784.5,737.20996,GOOG
2016-02-03,770.219971,753.45886,GOOG
2016-02-04,722.809998,744.2661,GOOG
2016-02-05,703.869995,721.82495,GOOG
2016-02-08,667.849976,698.96216,GOOG
2016-02-09,672.320007,686.02405,GOOG
2016-02-10,686.859985,682.1135,GOOG
2016-02-11,675.0,686.11456,GOOG
2016-02-12,690.26001,684.6467,GOOG
2016-02-16,692.97998,681.853,GOOG
2016-02-17,698.090027,685.1456,GOOG
2016-02-18,710.0,692.4844,GOOG
2016-02-19,695.030029,694.41614,GOOG
2016-02-22,707.450012,695.27295,GOOG
2016-02-23,701.450012,698.7622,GOOG
2016-02-24,688.919983,696.05347,GOOG
2016-02-25,700.01001,691.3987,GOOG
2016-02-26,708.580017,692.5703,GOOG
2016-02-29,700.320007,697.8894,GOOG
2016-03-01,703.619995,697.522,GOOG
2016-03-02,719.0,702.32275,GOOG
2016-03-03,718.679993,706.87427,GOOG
2016-03-04,714.98999,707.084,GOOG
2016-03-07,706.900024,705.1205,GOOG
2016-03-08,688.590027,697.4453,GOOG
2016-03-09,698.469971,691.77356,GOOG
2016-03-10,708.119995,694.57007,GOOG
2016-03-11,720.0,701.9411,GOOG
2016-03-14,726.809998,711.08875,GOOG
2016-03-15,726.919983,718.8119,GOOG
2016-03-16,726.369995,719.90576,GOOG
2016-03-17,736.450012,721.5771,GOOG
2016-03-18,741.859985,725.6154,GOOG
2016-03-21,736.5,728.51715,GOOG
2016-03-22,737.460022,730.4484,GOOG
2016-03-23,742.359985,731.9416,GOOG
2016-03-24,732.01001,731.4226,GOOG
2016-03-28,736.789978,728.3999,GOOG
2016-03-29,734.590027,726.3033,GOOG
2016-03-30,750.099976,730.286,GOOG
2016-03-31,749.25,737.60913,GOOG
2016-04-01,738.599976,738.5098,GOOG
2016-04-04,750.059998,737.6858,GOOG
2016-04-05,738.0,736.79553,GOOG
2016-04-06,735.77002,733.1958,GOOG
2016-04-07,745.369995,732.8898,GOOG
2016-04-08,743.969971,732.8728,GOOG
2016-04-11,743.02002,732.8247,GOOG
2016-04-12,738.0,731.81433,GOOG
2016-04-13,749.159973,731.9687,GOOG
2016-04-14,754.01001,736.95874,GOOG
2016-04-15,753.97998,742.0268,GOOG
2016-04-18,760.460022,746.45154,GOOG
2016-04-19,769.51001,750.79675,GOOG
2016-04-20,758.0,749.3589,GOOG
2016-04-21,755.380005,746.10614,GOOG
2016-04-22,726.299988,747.76746,GOOG
2016-04-25,716.099976,731.9199,GOOG
2016-04-26,725.419983,719.9769,GOOG
2016-04-27,707.289978,714.13184,GOOG
2016-04-28,708.26001,706.9286,GOOG
2016-04-29,690.700012,698.468,GOOG
2016-05-02,697.630005,694.7962,GOOG
2016-05-03,696.869995,694.1731,GOOG
2016-05-04,690.48999,692.3307,GOOG
2016-05-05,697.700012,691.08154,GOOG
2016-05-06,698.380005,693.0349,GOOG
2016-05-09,712.0,699.26495,GOOG
2016-05-10,716.75,703.8087,GOOG
2016-05-11,723.409973,709.8904,GOOG
2016-05-12,717.059998,710.2897,GOOG
2016-05-13,711.929993,708.00854,GOOG
2016-05-16,709.130005,705.6621,GOOG
2016-05-17,715.98999,706.0061,GOOG
2016-05-18,703.669983,704.27637,GOOG
2016-05-19,702.359985,702.24927,GOOG
2016-05-20,701.619995,698.25977,GOOG
2016-05-23,706.530029,700.26105,GOOG
2016-05-24,706.859985,700.0648,GOOG
2016-05-25,720.76001,705.7284,GOOG
2016-05-26,722.869995,712.30176,GOOG
2016-05-27,724.01001,715.64966,GOOG
2016-05-31,731.73999,719.52985,GOOG
2016-01-26,713.849976,715.9209,GOOG
2016-01-27,713.669983,713.5172,GOOG
2016-01-28,722.219971,706.7227,GOOG
2016-01-29,731.530029,715.46716,GOOG
2016-02-01,750.460022,728.0676,GOOG
2016-02-02,784.5,742.36707,GOOG
2016-02-03,770.219971,759.4176,GOOG
2016-02-04,722.809998,751.4109,GOOG
2016-02-05,703.869995,729.5991,GOOG
2016-02-08,667.849976,705.3511,GOOG
2016-02-09,672.320007,689.69324,GOOG
2016-02-10,686.859985,684.325,GOOG
2016-02-11,675.0,688.1765,GOOG
2016-02-12,690.26001,688.37274,GOOG
2016-02-16,692.97998,687.64856,GOOG
2016-02-17,698.090027,690.10504,GOOG
2016-02-18,710.0,696.59656,GOOG
2016-02-19,695.030029,698.29517,GOOG
2016-02-22,707.450012,698.3419,GOOG
2016-02-23,701.450012,701.97034,GOOG
2016-02-24,688.919983,700.2063,GOOG
2016-02-25,700.01001,696.6743,GOOG
2016-02-26,708.580017,697.9099,GOOG
2016-02-29,700.320007,702.60474,GOOG
2016-03-01,703.619995,702.7456,GOOG
2016-03-02,719.0,707.926,GOOG
2016-03-03,718.679993,712.3888,GOOG
2016-03-04,714.98999,712.7726,GOOG
2016-03-07,706.900024,711.12494,GOOG
2016-03-08,688.590027,703.5332,GOOG
2016-03-09,698.469971,697.1703,GOOG
2016-03-10,708.119995,698.495,GOOG
2016-03-11,720.0,705.9609,GOOG
2016-03-14,726.809998,716.107,GOOG
2016-03-15,726.919983,724.1089,GOOG
2016-03-16,726.369995,726.06616,GOOG
2016-03-17,736.450012,727.92615,GOOG
2016-03-18,741.859985,731.3224,GOOG
2016-03-21,736.5,733.99036,GOOG
2016-03-22,737.460022,735.94415,GOOG
2016-03-23,742.359985,737.1704,GOOG
2016-03-24,732.01001,737.292,GOOG
2016-03-28,736.789978,734.94653,GOOG
2016-03-29,734.590027,732.9738,GOOG
2016-03-30,750.099976,736.0327,GOOG
2016-03-31,749.25,743.11475,GOOG
2016-04-01,738.599976,744.36206,GOOG
2016-04-04,750.059998,744.0243,GOOG
2016-04-05,738.0,743.00323,GOOG
2016-04-06,735.77002,738.91504,GOOG
2016-04-07,745.369995,738.4657,GOOG
2016-04-08,743.969971,738.39655,GOOG
2016-04-11,743.02002,738.32196,GOOG
2016-04-12,738.0,737.33484,GOOG
2016-04-13,749.159973,737.676,GOOG
2016-04-14,754.01001,742.70593,GOOG
2016-04-15,753.97998,747.4774,GOOG
2016-04-18,760.460022,751.95166,GOOG
2016-04-19,769.51001,756.74634,GOOG
2016-04-20,758.0,755.7328,GOOG
2016-04-21,755.380005,752.3539,GOOG
2016-04-22,726.299988,753.42456,GOOG
2016-04-25,716.099976,739.09644,GOOG
2016-04-26,725.419983,726.83887,GOOG
2016-04-27,707.289978,718.0035,GOOG
2016-04-28,708.26001,711.19946,GOOG
2016-04-29,690.700012,703.73413,GOOG
2016-05-02,697.630005,698.9962,GOOG
2016-05-03,696.869995,697.94727,GOOG
2016-05-04,690.48999,696.1784,GOOG
2016-05-05,697.700012,695.296,GOOG
2016-05-06,698.380005,697.0062,GOOG
2016-05-09,712.0,702.591,GOOG
2016-05-10,716.75,707.6555,GOOG
2016-05-11,723.409973,714.2316,GOOG
2016-05-12,717.059998,715.33685,GOOG
2016-05-13,711.929993,713.44696,GOOG
2016-05-16,709.130005,710.9866,GOOG
2016-05-17,715.98999,711.099,GOOG
2016-05-18,703.669983,709.79944,GOOG
2016-05-19,702.359985,707.80334,GOOG
2016-05-20,701.619995,703.92957,GOOG
2016-05-23,706.530029,705.53845,GOOG
2016-05-24,706.859985,705.36487,GOOG
2016-05-25,720.76001,710.7447,GOOG
2016-05-26,722.869995,717.39954,GOOG
2016-05-27,724.01001,720.89825,GOOG
2016-05-31,731.73999,725.0927,GOOG
2016-06-01,734.530029,729.3515,GOOG
2016-06-02,732.5,730.3895,GOOG
2016-06-03,729.27002,728.5314,GOOG
2016-06-06,724.909973,724.5633,GOOG
2016-06-07,719.840027,720.1006,GOOG
2016-06-08,723.960022,717.9337,GOOG
2016-06-09,722.869995,721.5712,GOOG
2016-06-10,719.469971,724.0565,GOOG
2016-06-13,716.51001,721.7899,GOOG
2016-06-14,716.47998,719.2195,GOOG
2016-06-15,719.0,717.1447,GOOG
2016-06-16,714.909973,716.8508,GOOG
2016-06-17,708.650024,713.22424,GOOG
2016-06-20,698.77002,704.65546,GOOG
2016-06-21,698.400024,699.2471,GOOG
2016-06-22,699.059998,697.33044,GOOG
2016-06-23,697.450012,696.91974,GOOG
2016-06-24,675.169983,698.23413,GOOG
2016-06-27,671.0,690.2852,GOOG
2016-06-28,678.969971,678.60767,GOOG
2016-06-29,683.0,677.4101,GOOG
2016-06-30,685.469971,681.19104,GOOG
2016-07-01,692.200012,686.4994,GOOG
2016-07-05,696.059998,692.8576,GOOG
2016-07-06,689.97998,694.2837,GOOG
2016-07-07,698.080017,694.4908,GOOG
2016-07-08,699.5,693.07227,GOOG
2016-07-11,708.049988,696.95825,GOOG
2016-07-12,719.119995,704.72644,GOOG
2016-07-13,723.619995,712.96643,GOOG
2016-07-14,721.580017,715.6902,GOOG
2016-07-15,725.72998,717.24194,GOOG
2016-07-18,722.710022,717.99414,GOOG
2016-07-19,729.890015,722.8884,GOOG
2016-07-20,737.330017,727.87256,GOOG
2016-07-21,740.359985,733.4282,GOOG
2016-07-22,741.859985,735.4442,GOOG
2016-07-25,740.669983,737.20337,GOOG
2016-07-26,739.039978,736.83765,GOOG
2016-07-27,738.280029,735.781,GOOG
2016-07-28,747.039978,737.03876,GOOG
2016-07-29,772.710022,741.5581,GOOG
2016-08-01,761.090027,756.6345,GOOG
2016-08-02,768.690002,764.73474,GOOG
2016-08-03,767.179993,766.5045,GOOG
2016-08-04,772.219971,766.3175,GOOG
2016-08-05,773.780029,766.00415,GOOG
2016-08-08,782.0,770.35504,GOOG
2016-08-09,781.099976,773.68353,GOOG
2016-08-10,783.75,777.5504,GOOG
2016-08-11,785.0,779.29504,GOOG
2016-08-12,781.5,780.2582,GOOG
2016-08-15,783.75,778.4229,GOOG
2016-08-16,780.299988,777.8212,GOOG
2016-08-17,777.320007,775.2366,GOOG
2016-08-18,780.01001,774.3331,GOOG
2016-08-19,775.0,774.1145,GOOG
2016-08-22,773.27002,772.67834,GOOG
2016-08-23,775.47998,770.2897,GOOG
2016-08-24,770.580017,769.34045,GOOG
2016-08-25,767.0,767.7943,GOOG
2016-08-26,769.0,765.7607,GOOG
2016-08-29,768.73999,765.6582,GOOG
2016-08-30,769.330017,766.38983,GOOG
2016-08-31,767.01001,766.2855,GOOG
2016-09-01,769.25,764.84155,GOOG
2016-09-02,773.01001,764.1992,GOOG
2016-09-06,773.450012,765.7321,GOOG
2016-09-07,780.0,770.28094,GOOG
2016-09-08,778.590027,773.1489,GOOG
2016-09-09,770.099976,772.97833,GOOG
2016-09-12,755.130005,766.1881,GOOG
2016-09-13,764.47998,762.44147,GOOG
2016-09-14,759.609985,758.7422,GOOG
2016-09-15,762.890015,758.6183,GOOG
2016-09-16,769.75,762.4586,GOOG
2016-09-19,772.419983,765.06177,GOOG
2016-09-20,769.0,764.7489,GOOG
2016-09-21,772.659973,765.625,GOOG
2016-09-22,780.0,767.7672,GOOG
2016-09-23,786.590027,774.38684,GOOG
2016-09-26,782.73999,779.14813,GOOG
2016-09-27,775.5,776.0315,GOOG
2016-09-28,777.849976,775.6229,GOOG
2016-09-29,781.440002,775.0941,GOOG
2016-09-30,776.330017,773.71124,GOOG
2016-10-03,774.25,773.54565,GOOG
2016-10-04,776.030029,771.4126,GOOG
2016-10-05,779.309998,771.708,GOOG
2016-10-06,779.0,772.98914,GOOG
2016-10-07,779.659973,773.1898,GOOG
2016-10-10,777.710022,771.9555,GOOG
2016-10-11,786.659973,775.69836,GOOG
2016-10-12,783.76001,778.2016,GOOG
2016-10-13,781.219971,779.6466,GOOG
2016-10-14,781.650024,776.61017,GOOG
2016-10-17,779.799988,774.8032,GOOG
2016-10-18,787.849976,775.2804,GOOG
2016-10-19,798.23999,782.83295,GOOG
2016-10-20,803.299988,790.78955,GOOG
2016-10-21,795.0,793.5842,GOOG
2016-10-24,804.900024,793.40704,GOOG
2016-10-25,816.679993,799.0823,GOOG
2016-10-26,806.340027,801.7036,GOOG
2016-10-27,801.0,798.49115,GOOG
2016-10-28,808.349976,795.2279,GOOG
2016-10-31,795.469971,796.3563,GOOG
2016-11-01,782.890015,790.35144,GOOG
2016-11-02,778.200012,784.11237,GOOG
2016-11-03,767.25,774.7527,GOOG
2016-11-04,750.659973,766.9874,GOOG
2016-11-07,774.5,761.9044,GOOG
2016-11-08,783.400024,768.8013,GOOG
2016-11-09,779.940002,778.3373,GOOG
2016-11-10,791.169983,781.04895,GOOG
2016-11-11,756.539978,773.9297,GOOG
2016-11-14,755.599976,761.1129,GOOG
2016-11-15,746.969971,747.6648,GOOG
2016-11-16,755.200012,748.84937,GOOG
2016-11-17,766.919983,754.29016,GOOG
2016-11-18,771.369995,762.14185,GOOG
2016-11-21,762.609985,763.3389,GOOG
2016-11-22,772.630005,763.49603,GOOG
2016-11-23,767.72998,763.9672,GOOG
2016-11-25,764.26001,760.28424,GOOG
2016-11-28,760.0,757.9192,GOOG
2016-11-29,771.530029,761.697,GOOG
2016-11-30,770.070007,765.86646,GOOG
2016-12-01,757.440002,762.8403,GOOG
2016-12-02,744.590027,754.5077,GOOG
2016-12-05,757.710022,748.7868,GOOG
2016-12-06,764.72998,752.3856,GOOG
2016-12-07,761.0,755.9645,GOOG
2016-12-08,772.47998,760.9203,GOOG
2016-12-09,780.0,766.657,GOOG
2016-12-12,785.039978,775.55884,GOOG
2016-12-13,793.900024,780.51086,GOOG
2016-12-14,797.400024,786.3762,GOOG
2016-12-15,797.340027,789.80566,GOOG
2016-12-16,800.400024,791.4084,GOOG
2016-12-19,790.219971,790.2518,GOOG
2016-12-20,796.76001,788.37634,GOOG
2016-12-21,795.840027,789.25714,GOOG
2016-12-22,792.359985,789.3068,GOOG
2016-12-23,790.900024,787.9081,GOOG
2016-12-27,790.679993,786.13324,GOOG
2016-12-28,793.700012,786.3694,GOOG
2016-12-29,783.330017,784.29285,GOOG
2016-12-30,782.75,780.6682,GOOG
2016-06-22,699.059998,696.48376,GOOG
2016-06-23,697.450012,697.32275,GOOG
2016-06-24,675.169983,699.4574,GOOG
2016-06-27,671.0,686.9988,GOOG
2016-06-28,678.969971,674.00757,GOOG
2016-06-29,683.0,677.2958,GOOG
2016-06-30,685.469971,683.03033,GOOG
2016-07-01,692.200012,688.7384,GOOG
2016-07-05,696.059998,695.82446,GOOG
2016-07-06,689.97998,695.96686,GOOG
2016-07-07,698.080017,696.38385,GOOG
2016-07-08,699.5,694.79895,GOOG
2016-07-11,708.049988,700.1202,GOOG
2016-07-12,719.119995,708.7705,GOOG
2016-07-13,723.619995,716.58307,GOOG
2016-07-14,721.580017,717.4933,GOOG
2016-07-15,725.72998,718.89716,GOOG
2016-07-18,722.710022,719.7151,GOOG
2016-07-19,729.890015,726.27026,GOOG
2016-07-20,737.330017,731.328,GOOG
2016-07-21,740.359985,736.5801,GOOG
2016-07-22,741.859985,737.11127,GOOG
2016-07-25,740.669983,739.08655,GOOG
2016-07-26,739.039978,738.292,GOOG
2016-07-27,738.280029,736.7777,GOOG
2016-07-28,747.039978,738.57043,GOOG
2016-07-29,772.710022,743.52313,GOOG
2016-08-01,761.090027,761.80566,GOOG
2016-08-02,768.690002,767.4758,GOOG
2016-08-03,767.179993,767.96814,GOOG
2016-08-04,772.219971,768.08545,GOOG
2016-08-05,773.780029,768.1057,GOOG
2016-08-08,782.0,773.92084,GOOG
2016-08-09,781.099976,776.4221,GOOG
2016-08-10,783.75,779.56396,GOOG
2016-08-11,785.0,780.9147,GOOG
2016-08-12,781.5,781.9821,GOOG
2016-08-15,783.75,779.9784,GOOG
2016-08-16,780.299988,779.6286,GOOG
2016-08-17,777.320007,775.9286,GOOG
2016-08-18,780.01001,775.5945,GOOG
2016-08-19,775.0,775.65576,GOOG
2016-08-22,773.27002,773.7201,GOOG
2016-08-23,775.47998,771.0847,GOOG
2016-08-24,770.580017,770.74097,GOOG
2016-08-25,767.0,768.87195,GOOG
2016-08-26,769.0,766.92084,GOOG
2016-08-29,768.73999,767.50616,GOOG
2016-08-30,769.330017,768.5952,GOOG
2016-08-31,767.01001,768.0456,GOOG
2016-09-01,769.25,766.02356,GOOG
2016-09-02,773.01001,765.84924,GOOG
2016-09-06,773.450012,768.18976,GOOG
2016-09-07,780.0,773.7858,GOOG
2016-09-08,778.590027,776.28125,GOOG
2016-09-09,770.099976,774.587,GOOG
2016-09-12,755.130005,764.9238,GOOG
2016-09-13,764.47998,762.7178,GOOG
2016-09-14,759.609985,759.38574,GOOG
2016-09-15,762.890015,759.6953,GOOG
2016-09-16,769.75,765.08606,GOOG
2016-09-19,772.419983,767.1919,GOOG
2016-09-20,769.0,765.91296,GOOG
2016-09-21,772.659973,767.7451,GOOG
2016-09-22,780.0,770.9736,GOOG
2016-09-23,786.590027,779.2972,GOOG
2016-09-26,782.73999,782.806,GOOG
2016-09-27,775.5,776.1964,GOOG
2016-09-28,777.849976,777.00366,GOOG
2016-09-29,781.440002,777.052,GOOG
2016-09-30,776.330017,774.88196,GOOG
2016-10-03,774.25,774.4819,GOOG
2016-10-04,776.030029,771.51715,GOOG
2016-10-05,779.309998,772.9823,GOOG
2016-10-06,779.0,774.81433,GOOG
2016-10-07,779.659973,774.8072,GOOG
2016-10-10,777.710022,773.2901,GOOG
2016-10-11,786.659973,778.9898,GOOG
2016-10-12,783.76001,781.2815,GOOG
2016-10-13,781.219971,782.0426,GOOG
2016-10-14,781.650024,777.36487,GOOG
2016-10-17,779.799988,776.0459,GOOG
2016-10-18,787.849976,777.1221,GOOG
2016-10-19,798.23999,787.18524,GOOG
2016-10-20,803.299988,795.2335,GOOG
2016-10-21,795.0,795.66754,GOOG
2016-10-24,804.900024,794.817,GOOG
2016-10-25,816.679993,803.6389,GOOG
2016-10-26,806.340027,805.031,GOOG
2016-10-27,801.0,798.6802,GOOG
2016-10-28,808.349976,794.6194,GOOG
2016-10-31,795.469971,796.4306,GOOG
2016-11-01,782.890015,787.5043,GOOG
2016-11-02,778.200012,781.65393,GOOG
2016-11-03,767.25,771.8608,GOOG
2016-11-04,750.659973,764.4306,GOOG
2016-11-07,774.5,760.7023,GOOG
2016-11-08,783.400024,773.0138,GOOG
2016-11-09,779.940002,783.5637,GOOG
2016-11-10,791.169983,783.5558,GOOG
2016-11-11,756.539978,772.37085,GOOG
2016-11-14,755.599976,757.3418,GOOG
2016-11-15,746.969971,743.2411,GOOG
2016-11-16,755.200012,749.6842,GOOG
2016-11-17,766.919983,756.66943,GOOG
2016-11-18,771.369995,765.36145,GOOG
2016-11-21,762.609985,764.3633,GOOG
2016-11-22,772.630005,765.3752,GOOG
2016-11-23,767.72998,767.1123,GOOG
2016-11-25,764.26001,761.2899,GOOG
2016-11-28,760.0,758.87415,GOOG
2016-11-29,771.530029,764.01746,GOOG
2016-11-30,770.070007,768.15295,GOOG
2016-12-01,757.440002,762.1478,GOOG
2016-12-02,744.590027,751.6262,GOOG
2016-12-05,757.710022,747.68506,GOOG
2016-12-06,764.72998,755.19116,GOOG
2016-12-07,761.0,758.4595,GOOG
2016-12-08,772.47998,763.751,GOOG
2016-12-09,780.0,770.46063,GOOG
2016-12-12,785.039978,780.85596,GOOG
2016-12-13,793.900024,784.7831,GOOG
2016-12-14,797.400024,790.5758,GOOG
2016-12-15,797.340027,792.68176,GOOG
2016-12-16,800.400024,793.26746,GOOG
2016-12-19,790.219971,790.7029,GOOG
2016-12-20,796.76001,788.68616,GOOG
2016-12-21,795.840027,790.8539,GOOG
2016-12-22,792.359985,790.55493,GOOG
2016-12-23,790.900024,788.67065,GOOG
2016-12-27,790.679993,787.1288,GOOG
2016-12-28,793.700012,788.3021,GOOG
2016-12-29,783.330017,785.49365,GOOG
2016-12-30,782.75,781.15186,GOOG
2017-01-03,778.809998,774.8069,GOOG
2017-01-04,788.359985,779.42224,GOOG
2017-01-05,786.080017,783.02954,GOOG
2017-01-06,795.26001,787.5468,GOOG
2017-01-09,806.400024,796.68286,GOOG
2017-01-10,807.859985,801.68054,GOOG
2017-01-11,805.0,801.88025,GOOG
2017-01-12,807.140015,801.94775,GOOG
2017-01-13,807.47998,801.24445,GOOG
2017-01-17,807.080017,802.7816,GOOG
2017-01-18,805.809998,801.2146,GOOG
2017-01-19,805.119995,801.069,GOOG
2017-01-20,806.909973,800.08386,GOOG
2017-01-23,807.25,801.35657,GOOG
2017-01-24,822.299988,809.093,GOOG
2017-01-25,829.619995,816.2632,GOOG
2017-01-26,837.809998,825.36316,GOOG
2017-01-27,834.710022,828.57916,GOOG
2017-01-30,814.659973,824.2959,GOOG
2017-01-31,796.859985,807.7008,GOOG
2017-02-01,799.679993,795.4478,GOOG
2017-02-02,793.799988,792.4426,GOOG
2017-02-03,802.98999,793.57434,GOOG
2017-02-06,799.700012,797.84955,GOOG
2017-02-07,803.98999,798.27454,GOOG
2017-02-08,807.0,802.551,GOOG
2017-02-09,809.51001,804.5548,GOOG
2017-02-10,811.700012,804.93567,GOOG
2017-02-13,816.0,807.6683,GOOG
2017-02-14,819.0,812.517,GOOG
2017-02-15,819.359985,814.79175,GOOG
2017-02-16,819.929993,815.2299,GOOG
2017-02-17,823.02002,817.4391,GOOG
2017-02-21,828.659973,820.8276,GOOG
2017-02-22,828.659973,824.70264,GOOG
2017-02-23,830.119995,825.39404,GOOG
2017-02-24,827.72998,825.35266,GOOG
2017-02-27,824.549988,823.8608,GOOG
2017-02-28,825.609985,823.3086,GOOG
2017-03-01,828.849976,821.02185,GOOG
2017-03-02,833.849976,826.0762,GOOG
2017-03-03,830.559998,826.6172,GOOG
2017-03-06,826.950012,825.0941,GOOG
2017-03-07,827.400024,823.3376,GOOG
2017-03-08,833.51001,825.34094,GOOG
2017-03-09,836.0,828.9031,GOOG
2017-03-10,843.280029,832.3108,GOOG
2017-03-13,844.0,836.7123,GOOG
2017-03-14,843.640015,839.46045,GOOG
2017-03-15,847.590027,839.422,GOOG
2017-03-16,849.030029,840.4793,GOOG
2017-03-17,851.609985,842.0991,GOOG
2017-03-20,850.01001,845.0211,GOOG
2017-03-21,851.400024,843.4203,GOOG
2017-03-22,831.909973,834.7582,GOOG
2017-03-23,821.0,827.47516,GOOG
2017-03-24,820.080017,818.66223,GOOG
2017-03-27,806.950012,812.5731,GOOG
2017-03-28,820.409973,812.08936,GOOG
2017-03-29,825.0,815.74695,GOOG
2017-03-30,833.5,823.5759,GOOG
2017-03-31,828.969971,826.9501,GOOG
2017-04-03,829.219971,826.3457,GOOG
2017-04-04,831.359985,830.3956,GOOG
2017-04-05,835.51001,829.03546,GOOG
2017-04-06,832.400024,828.39307,GOOG
2017-04-07,827.960022,825.3187,GOOG
2017-04-10,825.390015,821.32825,GOOG
2017-04-11,824.710022,820.74963,GOOG
2017-04-12,821.929993,819.33954,GOOG
2017-04-13,822.140015,819.4917,GOOG
2017-04-17,825.01001,819.75995,GOOG
2017-04-18,834.219971,826.7144,GOOG
2017-04-19,839.789978,830.6217,GOOG
2017-04-20,841.440002,833.1527,GOOG
2017-04-21,842.880005,835.7268,GOOG
2017-04-24,851.200012,837.3727,GOOG
2017-04-25,865.0,848.8091,GOOG
2017-04-26,874.22998,860.187,GOOG
2017-04-27,873.599976,864.0697,GOOG
2017-04-28,910.659973,866.59894,GOOG
2017-05-01,901.940002,890.9823,GOOG
2017-05-02,909.619995,899.57825,GOOG
2017-05-03,914.859985,904.0354,GOOG
2017-05-04,926.070007,910.9594,GOOG
2017-05-05,933.539978,918.20593,GOOG
2017-05-08,926.119995,919.03516,GOOG
2017-05-09,936.950012,920.7856,GOOG
2017-05-10,931.97998,922.4234,GOOG
2017-05-11,925.320007,920.38965,GOOG
2017-05-12,931.530029,919.78784,GOOG
2017-05-15,932.950012,921.6038,GOOG
2017-05-16,940.0,925.3341,GOOG
2017-05-17,935.669983,930.71606,GOOG
2017-05-18,921.0,921.03625,GOOG
2017-05-19,931.469971,919.07385,GOOG
2017-05-22,935.0,923.258,GOOG
2017-05-23,947.919983,928.8766,GOOG
2017-05-24,952.97998,936.01807,GOOG
2017-05-25,957.330017,942.223,GOOG
2017-05-26,969.700012,952.9445,GOOG
2017-05-30,970.309998,958.48047,GOOG
2017-05-31,975.02002,961.98376,GOOG
2017-01-25,829.619995,813.02716,GOOG
2017-01-26,837.809998,822.1221,GOOG
2017-01-27,834.710022,824.2866,GOOG
2017-01-30,814.659973,818.5332,GOOG
2017-01-31,796.859985,804.125,GOOG
2017-02-01,799.679993,794.1609,GOOG
2017-02-02,793.799988,793.69464,GOOG
2017-02-03,802.98999,794.27686,GOOG
2017-02-06,799.700012,798.1858,GOOG
2017-02-07,803.98999,797.38696,GOOG
2017-02-08,807.0,801.9738,GOOG
2017-02-09,809.51001,803.4053,GOOG
2017-02-10,811.700012,804.24304,GOOG
2017-02-13,816.0,807.12665,GOOG
2017-02-14,819.0,810.80554,GOOG
2017-02-15,819.359985,812.09607,GOOG
2017-02-16,819.929993,812.3321,GOOG
2017-02-17,823.02002,814.24744,GOOG
2017-02-21,828.659973,817.5318,GOOG
2017-02-22,828.659973,820.65515,GOOG
2017-02-23,830.119995,821.5762,GOOG
2017-02-24,827.72998,821.9303,GOOG
2017-02-27,824.549988,819.7654,GOOG
2017-02-28,825.609985,819.9116,GOOG
2017-03-01,828.849976,818.52185,GOOG
2017-03-02,833.849976,822.16376,GOOG
2017-03-03,830.559998,823.1609,GOOG
2017-03-06,826.950012,822.26324,GOOG
2017-03-07,827.400024,820.5543,GOOG
2017-03-08,833.51001,822.4284,GOOG
2017-03-09,836.0,825.9326,GOOG
2017-03-10,843.280029,828.97845,GOOG
2017-03-13,844.0,832.5493,GOOG
2017-03-14,843.640015,834.1069,GOOG
2017-03-15,847.590027,834.726,GOOG
2017-03-16,849.030029,836.444,GOOG
2017-03-17,851.609985,836.93677,GOOG
2017-03-20,850.01001,840.51953,GOOG
2017-03-21,851.400024,837.4768,GOOG
2017-03-22,831.909973,830.6321,GOOG
2017-03-23,821.0,822.8835,GOOG
2017-03-24,820.080017,817.54395,GOOG
2017-03-27,806.950012,809.52563,GOOG
2017-03-28,820.409973,812.4329,GOOG
2017-03-29,825.0,815.0408,GOOG
2017-03-30,833.5,822.1095,GOOG
2017-03-31,828.969971,823.6885,GOOG
2017-04-03,829.219971,824.0502,GOOG
2017-04-04,831.359985,827.6725,GOOG
2017-04-05,835.51001,825.282,GOOG
2017-04-06,832.400024,826.06165,GOOG
2017-04-07,827.960022,821.66187,GOOG
2017-04-10,825.390015,818.5886,GOOG
2017-04-11,824.710022,818.20386,GOOG
2017-04-12,821.929993,816.9719,GOOG
2017-04-13,822.140015,817.2433,GOOG
2017-04-17,825.01001,817.63983,GOOG
2017-04-18,834.219971,824.2018,GOOG
2017-04-19,839.789978,827.3234,GOOG
2017-04-20,841.440002,829.604,GOOG
2017-04-21,842.880005,831.65094,GOOG
2017-04-24,851.200012,833.11707,GOOG
2017-04-25,865.0,843.8482,GOOG
2017-04-26,874.22998,853.6152,GOOG
2017-04-27,873.599976,855.95874,GOOG
2017-04-28,910.659973,858.9195,GOOG
2017-05-01,901.940002,881.5118,GOOG
2017-05-02,909.619995,886.29724,GOOG
2017-05-03,914.859985,892.7721,GOOG
2017-05-04,926.070007,899.295,GOOG
2017-05-05,933.539978,905.5123,GOOG
2017-05-08,926.119995,905.9634,GOOG
2017-05-09,936.950012,907.60266,GOOG
2017-05-10,931.9799799999998,910.3751,GOOG
2017-05-11,925.320007,907.55273,GOOG
2017-05-12,931.530029,908.3232,GOOG
2017-05-15,932.950012,910.636,GOOG
2017-05-16,940.0,914.18933,GOOG
2017-05-17,935.669983,919.02625,GOOG
2017-05-18,921.0,909.90485,GOOG
2017-05-19,931.469971,907.9664,GOOG
2017-05-22,935.0,913.3964,GOOG
2017-05-23,947.919983,918.6924,GOOG
2017-05-24,952.97998,925.0744,GOOG
2017-05-25,957.330017,929.58905,GOOG
2017-05-26,969.700012,940.0884,GOOG
2017-05-30,970.309998,943.2439,GOOG
2017-05-31,975.02002,947.6918,GOOG
2017-06-01,968.950012,943.70764,GOOG
2017-06-02,969.460022,940.44867,GOOG
2017-06-05,976.549988,946.83734,GOOG
2017-06-06,983.159973,952.6412,GOOG
2017-06-07,980.0,953.58954,GOOG
2017-06-08,982.349976,953.381,GOOG
2017-06-09,984.5,956.0479,GOOG
2017-06-12,939.559998,939.9364,GOOG
2017-06-13,951.909973,923.5939,GOOG
2017-06-14,959.919983,928.2761,GOOG
2017-06-15,933.969971,931.90735,GOOG
2017-06-16,940.0,924.8224,GOOG
2017-06-19,949.960022,922.0595,GOOG
2017-06-20,957.52002,930.7015,GOOG
2017-06-21,953.640015,933.51904,GOOG
2017-06-22,958.700012,936.41473,GOOG
2017-06-23,956.830017,935.6992,GOOG
2017-06-26,969.900024,940.04565,GOOG
2017-06-27,942.460022,935.18115,GOOG
2017-06-28,929.0,918.84186,GOOG
2017-06-29,929.919983,916.3691,GOOG
2017-06-30,926.049988,906.62415,GOOG
2017-07-03,912.179993,898.528,GOOG
2017-07-05,901.76001,891.1455,GOOG
2017-07-06,904.119995,895.3091,GOOG
2017-07-07,908.849976,893.8838,GOOG
2017-07-10,921.77002,900.7565,GOOG
2017-07-11,929.539978,907.73645,GOOG
2017-07-12,938.679993,910.8239,GOOG
2017-07-13,946.289978,919.8761,GOOG
2017-07-14,952.0,923.6975,GOOG
2017-07-17,957.0,929.3923,GOOG
2017-07-18,953.0,930.01904,GOOG
2017-07-19,967.840027,935.3429,GOOG
2017-07-20,975.0,941.3436,GOOG
2017-07-21,962.25,942.44696,GOOG
2017-07-24,972.219971,943.36584,GOOG
2017-07-25,953.809998,951.1333,GOOG
2017-07-26,954.679993,934.54846,GOOG
2017-07-27,951.780029,925.2239,GOOG
2017-07-28,929.400024,920.984,GOOG
2017-07-31,941.890015,918.5923,GOOG
2017-08-01,932.380005,917.0222,GOOG
2017-08-02,928.609985,914.703,GOOG
2017-08-03,930.340027,913.7855,GOOG
2017-08-04,926.75,909.5332,GOOG
2017-08-07,929.059998,911.3557,GOOG
2017-08-08,927.090027,912.2085,GOOG
2017-08-09,920.609985,911.7494,GOOG
2017-08-10,917.549988,907.13275,GOOG
2017-08-11,907.969971,897.9031,GOOG
2017-08-14,922.530029,896.52716,GOOG
2017-08-15,924.22998,903.3961,GOOG
2017-08-16,925.289978,905.1526,GOOG
2017-08-17,925.780029,908.46533,GOOG
2017-08-18,910.309998,900.6696,GOOG
2017-08-21,910.0,896.2115,GOOG
2017-08-22,912.719971,892.4609,GOOG
2017-08-23,921.929993,902.07544,GOOG
2017-08-24,928.659973,906.1885,GOOG
2017-08-25,923.48999,904.9675,GOOG
2017-08-28,916.0,901.1747,GOOG
2017-08-29,905.099976,898.56165,GOOG
2017-08-30,920.049988,900.2912,GOOG
2017-08-31,931.76001,906.6543,GOOG
2017-09-01,941.130005,915.3557,GOOG
2017-09-05,933.080017,916.1186,GOOG
2017-09-06,930.150024,911.829,GOOG
2017-09-07,931.72998,908.4227,GOOG
2017-09-08,936.48999,911.92834,GOOG
2017-09-11,934.25,910.15125,GOOG
2017-09-12,932.590027,911.3597,GOOG
2017-09-13,930.659973,911.1592,GOOG
2017-09-14,931.25,914.00696,GOOG
2017-09-15,924.659973,909.9143,GOOG
2017-09-18,920.01001,905.8045,GOOG
2017-09-19,917.419983,899.0697,GOOG
2017-09-20,922.97998,902.6845,GOOG
2017-09-21,933.0,910.3961,GOOG
2017-09-22,927.75,911.46484,GOOG
2017-09-25,925.450012,911.09503,GOOG
2017-09-26,923.719971,905.459,GOOG
2017-09-27,927.73999,906.12384,GOOG
2017-09-28,941.359985,917.9324,GOOG
2017-09-29,952.0,922.8789,GOOG
2017-10-02,959.97998,932.78766,GOOG
2017-10-03,954.0,930.6128,GOOG
2017-10-04,957.0,931.9006,GOOG
2017-10-05,955.48999,930.6891,GOOG
2017-10-06,966.700012,939.26514,GOOG
2017-10-09,980.0,946.6156,GOOG
2017-10-10,980.0,950.27014,GOOG
2017-10-11,973.719971,948.33936,GOOG
2017-10-12,987.450012,956.0736,GOOG
2017-10-13,992.0,958.97473,GOOG
2017-10-16,992.099976,962.34644,GOOG
2017-10-17,990.289978,962.7981,GOOG
2017-10-18,991.77002,964.52783,GOOG
2017-10-19,986.0,964.2853,GOOG
2017-10-20,989.440002,959.8231,GOOG
2017-10-23,989.52002,961.0917,GOOG
2017-10-24,970.0,952.14124,GOOG
2017-10-25,968.369995,947.4265,GOOG
2017-10-26,980.0,948.2087,GOOG
2017-10-27,1009.190002,952.39343,GOOG
2017-10-30,1014.0,984.5499,GOOG
2017-10-31,1015.219971,981.7641,GOOG
2017-11-01,1017.210022,987.2125,GOOG
2017-11-02,1021.76001,991.30237,GOOG
2017-11-03,1022.109985,991.39014,GOOG
2017-11-06,1028.98999,995.314,GOOG
2017-11-07,1027.27002,994.4321,GOOG
2017-11-08,1030.52002,997.58655,GOOG
2017-11-09,1033.98999,1001.89417,GOOG
2017-11-10,1026.459961,998.87213,GOOG
2017-11-13,1023.419983,996.2528,GOOG
2017-11-14,1022.590027,996.35364,GOOG
2017-11-15,1019.210022,994.51465,GOOG
2017-11-16,1022.52002,991.82556,GOOG
2017-11-17,1034.01001,998.6397,GOOG
2017-11-20,1020.26001,994.5676,GOOG
2017-11-21,1023.309998,991.069,GOOG
2017-11-22,1035.0,999.3186,GOOG
2017-11-24,1035.869995,1003.1699,GOOG
2017-11-27,1040.0,1007.0505,GOOG
2017-11-28,1055.089966,1015.17395,GOOG
2017-11-29,1042.680054,1014.7786,GOOG
2017-11-30,1022.369995,1000.3628,GOOG
2017-12-01,1015.799988,992.2864,GOOG
2017-12-04,1012.659973,986.0299,GOOG
2017-12-05,995.940002,978.3179,GOOG
2017-12-06,1001.5,978.45776,GOOG
2017-12-07,1020.429993,985.2167,GOOG
2017-12-08,1037.48999,997.18646,GOOG
2017-12-11,1035.5,1004.20605,GOOG
2017-12-12,1039.630005,1007.4518,GOOG
2017-12-13,1046.119995,1008.6144,GOOG
2017-12-14,1045.0,1008.69885,GOOG
2017-12-15,1054.609985,1013.65955,GOOG
2017-12-18,1066.079956,1023.422,GOOG
2017-12-19,1075.199951,1029.8647,GOOG
2017-12-20,1071.780029,1032.741,GOOG
2017-12-21,1064.949951,1029.7445,GOOG
2017-12-22,1061.109985,1027.9576,GOOG
2017-12-26,1058.069946,1025.7692,GOOG
2017-12-27,1057.390015,1022.8124,GOOG
2017-12-28,1051.599976,1019.3611,GOOG
2017-12-29,1046.719971,1016.28625,GOOG
2017-06-22,958.700012,929.72797,GOOG
2017-06-23,956.830017,932.5938,GOOG
2017-06-26,969.900024,935.3331,GOOG
2017-06-27,942.460022,936.08655,GOOG
2017-06-28,929.0,933.31555,GOOG
2017-06-29,929.919983,926.18365,GOOG
2017-06-30,926.049988,915.1095,GOOG
2017-07-03,912.179993,908.0337,GOOG
2017-07-05,901.76001,900.8258,GOOG
2017-07-06,904.119995,896.201,GOOG
2017-07-07,908.849976,893.4127,GOOG
2017-07-10,921.77002,894.6301,GOOG
2017-07-11,929.539978,898.53076,GOOG
2017-07-12,938.679993,903.59143,GOOG
2017-07-13,946.289978,910.316,GOOG
2017-07-14,952.0,917.1087,GOOG
2017-07-17,957.0,923.3684,GOOG
2017-07-18,953.0,927.8264,GOOG
2017-07-19,967.840027,932.34607,GOOG
2017-07-20,975.0,935.7252,GOOG
2017-07-21,962.25,939.63245,GOOG
2017-07-24,972.219971,943.0658,GOOG
2017-07-25,953.809998,944.1599,GOOG
2017-07-26,954.679993,942.2717,GOOG
2017-07-27,951.780029,935.8645,GOOG
2017-07-28,929.400024,925.6101,GOOG
2017-07-31,941.890015,921.74036,GOOG
2017-08-01,932.380005,916.4249,GOOG
2017-08-02,928.609985,915.83,GOOG
2017-08-03,930.340027,914.10474,GOOG
2017-08-04,926.75,911.9571,GOOG
2017-08-07,929.059998,911.1377,GOOG
2017-08-08,927.090027,910.9951,GOOG
2017-08-09,920.609985,911.85706,GOOG
2017-08-10,917.549988,911.6817,GOOG
2017-08-11,907.969971,907.61536,GOOG
2017-08-14,922.530029,903.9508,GOOG
2017-08-15,924.22998,900.885,GOOG
2017-08-16,925.289978,902.77106,GOOG
2017-08-17,925.780029,906.36566,GOOG
2017-08-18,910.309998,906.90125,GOOG
2017-08-21,910.0,905.66895,GOOG
2017-08-22,912.719971,901.0094,GOOG
2017-08-23,921.929993,899.46875,GOOG
2017-08-24,928.659973,901.43054,GOOG
2017-08-25,923.48999,904.6173,GOOG
2017-08-28,916.0,906.5513,GOOG
2017-08-29,905.099976,905.5585,GOOG
2017-08-30,920.049988,903.7706,GOOG
2017-08-31,931.76001,902.9678,GOOG
2017-09-01,941.130005,906.96924,GOOG
2017-09-05,933.080017,912.55994,GOOG
2017-09-06,930.150024,915.39166,GOOG
2017-09-07,931.72998,914.74475,GOOG
2017-09-08,936.48999,913.22455,GOOG
2017-09-11,934.25,912.1406,GOOG
2017-09-12,932.590027,913.35394,GOOG
2017-09-13,930.659973,913.9168,GOOG
2017-09-14,931.25,914.2384,GOOG
2017-09-15,924.659973,913.6734,GOOG
2017-09-18,920.01001,911.93066,GOOG
2017-09-19,917.419983,908.07666,GOOG
2017-09-20,922.9799799999998,904.37463,GOOG
2017-09-21,933.0,904.663,GOOG
2017-09-22,927.75,907.7641,GOOG
2017-09-25,925.450012,910.70856,GOOG
2017-09-26,923.719971,910.50635,GOOG
2017-09-27,927.73999,909.36304,GOOG
2017-09-28,941.359985,910.2228,GOOG
2017-09-29,952.0,914.10657,GOOG
2017-10-02,959.97998,920.89746,GOOG
2017-10-03,954.0,927.3412,GOOG
2017-10-04,957.0,931.5432,GOOG
2017-10-05,955.48999,932.287,GOOG
2017-10-06,966.700012,934.9236,GOOG
2017-10-09,980.0,938.2572,GOOG
2017-10-10,980.0,943.36,GOOG
2017-10-11,973.719971,947.9697,GOOG
2017-10-12,987.450012,951.35846,GOOG
2017-10-13,992.0,953.2921,GOOG
2017-10-16,992.099976,956.9456,GOOG
2017-10-17,990.289978,960.07935,GOOG
2017-10-18,991.7700200000002,961.7456,GOOG
2017-10-19,986.0,962.8228,GOOG
2017-10-20,989.440002,961.90546,GOOG
2017-10-23,989.52002,960.56506,GOOG
2017-10-24,970.0,957.1985,GOOG
2017-10-25,968.369995,954.1953,GOOG
2017-10-26,980.0,949.1616,GOOG
2017-10-27,1009.190002,946.82214,GOOG
2017-10-30,1014.0,954.59827,GOOG
2017-10-31,1015.219971,965.9884,GOOG
2017-11-01,1017.210022,973.0488,GOOG
2017-11-02,1021.76001,979.4248,GOOG
2017-11-03,1022.109985,983.8472,GOOG
2017-11-06,1028.98999,987.2594,GOOG
2017-11-07,1027.27002,989.4099,GOOG
2017-11-08,1030.52002,992.41626,GOOG
2017-11-09,1033.98999,994.4077,GOOG
2017-11-10,1026.459961,994.7001,GOOG
2017-11-13,1023.419983,994.8185,GOOG
2017-11-14,1022.590027,993.5955,GOOG
2017-11-15,1019.210022,991.9316,GOOG
2017-11-16,1022.52002,989.8446,GOOG
2017-11-17,1034.01001,989.7164,GOOG
2017-11-20,1020.26001,989.4641,GOOG
2017-11-21,1023.309998,990.2501,GOOG
2017-11-22,1035.0,989.9536,GOOG
2017-11-24,1035.869995,991.41376,GOOG
2017-11-27,1040.0,995.92377,GOOG
2017-11-28,1055.089966,1000.859,GOOG
2017-11-29,1042.680054,1004.4368,GOOG
2017-11-30,1022.369995,1004.33655,GOOG
2017-12-01,1015.799988,999.8873,GOOG
2017-12-04,1012.659973,990.27893,GOOG
2017-12-05,995.940002,982.19434,GOOG
2017-12-06,1001.5,977.2389,GOOG
2017-12-07,1020.429993,974.6146,GOOG
2017-12-08,1037.48999,977.14703,GOOG
2017-12-11,1035.5,984.9558,GOOG
2017-12-12,1039.630005,993.1973,GOOG
2017-12-13,1046.119995,997.99567,GOOG
2017-12-14,1045.0,1001.04016,GOOG
2017-12-15,1054.609985,1004.27765,GOOG
2017-12-18,1066.079956,1007.62427,GOOG
2017-12-19,1075.199951,1013.1787,GOOG
2017-12-20,1071.780029,1017.7363,GOOG
2017-12-21,1064.949951,1022.33875,GOOG
2017-12-22,1061.109985,1023.7177,GOOG
2017-12-26,1058.069946,1022.3717,GOOG
2017-12-27,1057.390015,1020.14935,GOOG
2017-12-28,1051.599976,1017.16003,GOOG
2017-12-29,1046.719971,1014.68964,GOOG
2018-01-02,1048.339966,1011.69824,GOOG
2018-01-03,1064.310059,1011.4475,GOOG
2018-01-04,1088.0,1015.1569,GOOG
2018-01-05,1094.0,1023.1144,GOOG
2018-01-08,1102.22998,1034.0856,GOOG
2018-01-09,1109.400024,1043.1335,GOOG
2018-01-10,1097.099976,1049.5028,GOOG
2018-01-11,1106.300049,1052.923,GOOG
2018-01-12,1102.410034,1052.9607,GOOG
2018-01-16,1132.51001,1054.7268,GOOG
2018-01-17,1126.219971,1057.7113,GOOG
2018-01-18,1131.410034,1064.4475,GOOG
2018-01-19,1131.829956,1067.8046,GOOG
2018-01-22,1137.48999,1071.1304,GOOG
2018-01-23,1159.849976,1076.0698,GOOG
2018-01-24,1177.329956,1082.9283,GOOG
2018-01-25,1172.530029,1091.5552,GOOG
2018-01-26,1175.079956,1099.7698,GOOG
2018-01-29,1176.47998,1102.9863,GOOG
2018-01-30,1167.829956,1105.0253,GOOG
2018-01-31,1170.569946,1105.7181,GOOG
2018-02-01,1162.609985,1105.065,GOOG
2018-02-02,1122.0,1103.0592,GOOG
2018-02-05,1090.599976,1093.9418,GOOG
2018-02-06,1027.180054,1072.2363,GOOG
2018-02-07,1081.540039,1047.1405,GOOG
2018-02-08,1055.410034,1022.72375,GOOG
2018-02-09,1017.25,1011.10767,GOOG
2018-02-12,1048.0,1002.746,GOOG
2018-02-13,1045.0,994.87415,GOOG
2018-02-14,1048.949951,999.0148,GOOG
2018-02-15,1079.069946,1007.0464,GOOG
2018-02-16,1088.410034,1015.14374,GOOG
2018-02-20,1090.569946,1026.8203,GOOG
2018-02-21,1106.469971,1038.2571,GOOG
2018-02-22,1116.189941,1046.7887,GOOG
2018-02-23,1112.640015,1052.9219,GOOG
2018-02-26,1127.800049,1058.535,GOOG
2018-02-27,1141.23999,1063.7689,GOOG
2018-02-28,1123.030029,1067.8622,GOOG
2018-03-01,1107.869995,1069.3589,GOOG
2018-03-02,1053.079956,1060.1633,GOOG
2018-03-05,1075.140015,1048.2064,GOOG
2018-03-06,1099.219971,1035.1085,GOOG
2018-03-07,1089.189941,1033.2966,GOOG
2018-03-08,1115.319946,1040.9001,GOOG
2018-03-09,1136.0,1048.1118,GOOG
2018-03-12,1163.849976,1061.0221,GOOG
2018-03-13,1170.0,1075.7227,GOOG
2018-03-14,1145.209961,1085.9253,GOOG
2018-03-15,1149.959961,1091.2346,GOOG
2018-03-16,1154.140015,1089.3049,GOOG
2018-03-19,1120.01001,1086.7634,GOOG
2018-03-20,1099.0,1079.6042,GOOG
2018-03-21,1092.73999,1065.5887,GOOG
2018-03-22,1081.880005,1052.5137,GOOG
2018-03-23,1047.030029,1040.6677,GOOG
2018-03-26,1046.0,1026.8679,GOOG
2018-03-27,1063.0,1012.1393,GOOG
2018-03-28,998.0,998.27637,GOOG
2018-03-29,1011.630005,992.9905,GOOG
2018-04-02,1022.820007,984.1587,GOOG
2018-04-03,1013.909973,978.15497,GOOG
2018-04-04,993.409973,979.20667,GOOG
2018-04-05,1041.329956,979.00964,GOOG
2018-04-06,1020.0,978.9633,GOOG
2018-04-09,1016.799988,983.3226,GOOG
2018-04-10,1026.439941,986.09717,GOOG
2018-04-11,1027.98999,986.24414,GOOG
2018-04-12,1025.040039,986.317,GOOG
2018-04-13,1040.880005,989.2334,GOOG
2018-04-16,1037.0,990.7775,GOOG
2018-04-17,1051.369995,994.38367,GOOG
2018-04-18,1077.430054,1001.10095,GOOG
2018-04-19,1069.400024,1009.80145,GOOG
2018-04-20,1082.0,1020.96796,GOOG
2018-04-23,1077.859985,1026.8243,GOOG
2018-04-24,1052.0,1029.4576,GOOG
2018-04-25,1025.52002,1021.26685,GOOG
2018-04-26,1029.51001,1008.4691,GOOG
2018-04-27,1046.0,995.3847,GOOG
2018-04-30,1030.01001,991.3232,GOOG
2018-05-01,1013.659973,992.9295,GOOG
2018-05-02,1028.099976,993.0274,GOOG
2018-05-03,1019.0,989.9191,GOOG
2018-05-04,1016.900024,990.4031,GOOG
2018-05-07,1049.22998,991.0348,GOOG
2018-05-08,1058.540039,994.2772,GOOG
2018-05-09,1058.099976,1002.8823,GOOG
2018-05-10,1086.030029,1012.94006,GOOG
2018-05-11,1093.599976,1022.1008,GOOG
2018-05-14,1100.0,1032.814,GOOG
2018-05-15,1090.0,1042.0269,GOOG
2018-05-16,1077.310059,1044.5045,GOOG
2018-05-17,1079.890015,1041.9536,GOOG
2018-05-18,1061.859985,1037.1936,GOOG
2018-05-21,1074.060059,1033.1201,GOOG
2018-05-22,1083.560059,1029.965,GOOG
2018-05-23,1065.130005,1028.2366,GOOG
2018-05-24,1079.0,1030.2902,GOOG
2018-05-25,1079.02002,1029.2314,GOOG
2018-05-29,1064.890015,1030.0703,GOOG
2018-05-30,1063.030029,1029.7233,GOOG
2018-05-31,1067.560059,1026.8729,GOOG
2018-01-24,1177.329956,1153.2474,GOOG
2018-01-25,1172.530029,1158.5955,GOOG
2018-01-26,1175.079956,1161.0549,GOOG
2018-01-29,1176.47998,1162.261,GOOG
2018-01-30,1167.829956,1166.0424,GOOG
2018-01-31,1170.569946,1160.3665,GOOG
2018-02-01,1162.609985,1160.134,GOOG
2018-02-02,1122.0,1157.9434,GOOG
2018-02-05,1090.599976,1119.5894,GOOG
2018-02-06,1027.180054,1072.8184,GOOG
2018-02-07,1081.540039,1054.4886,GOOG
2018-02-08,1055.410034,1049.0107,GOOG
2018-02-09,1017.25,1021.67395,GOOG
2018-02-12,1048.0,1020.01465,GOOG
2018-02-13,1045.0,1035.9445,GOOG
2018-02-14,1048.949951,1042.1647,GOOG
2018-02-15,1079.069946,1054.5135,GOOG
2018-02-16,1088.410034,1073.1104,GOOG
2018-02-20,1090.569946,1085.1619,GOOG
2018-02-21,1106.469971,1091.849,GOOG
2018-02-22,1116.189941,1103.3967,GOOG
2018-02-23,1112.640015,1104.6523,GOOG
2018-02-26,1127.800049,1111.4934,GOOG
2018-02-27,1141.23999,1126.1305,GOOG
2018-02-28,1123.030029,1121.5148,GOOG
2018-03-01,1107.869995,1108.1368,GOOG
2018-03-02,1053.079956,1082.1152,GOOG
2018-03-05,1075.140015,1067.6206,GOOG
2018-03-06,1099.219971,1075.02,GOOG
2018-03-07,1089.189941,1086.332,GOOG
2018-03-08,1115.319946,1095.9536,GOOG
2018-03-09,1136.0,1110.4644,GOOG
2018-03-12,1163.849976,1134.3412,GOOG
2018-03-13,1170.0,1150.6708,GOOG
2018-03-14,1145.209961,1142.3998,GOOG
2018-03-15,1149.959961,1140.593,GOOG
2018-03-16,1154.140015,1140.2303,GOOG
2018-03-19,1120.01001,1134.3381,GOOG
2018-03-20,1099.0,1106.794,GOOG
2018-03-21,1092.73999,1091.2491,GOOG
2018-03-22,1081.880005,1085.3263,GOOG
2018-03-23,1047.030029,1061.1915,GOOG
2018-03-26,1046.0,1035.616,GOOG
2018-03-27,1063.0,1035.3656,GOOG
2018-03-28,998.0,1019.5689,GOOG
2018-03-29,1011.630005,1002.1233,GOOG
2018-04-02,1022.820007,1012.7646,GOOG
2018-04-03,1013.909973,1006.5554,GOOG
2018-04-04,993.409973,1005.06274,GOOG
2018-04-05,1041.329956,1008.9026,GOOG
2018-04-06,1020.0,1021.05023,GOOG
2018-04-09,1016.799988,1012.50073,GOOG
2018-04-10,1026.439941,1014.94543,GOOG
2018-04-11,1027.98999,1021.61755,GOOG
2018-04-12,1025.040039,1019.73663,GOOG
2018-04-13,1040.880005,1024.9375,GOOG
2018-04-16,1037.0,1028.6653,GOOG
2018-04-17,1051.369995,1032.5112,GOOG
2018-04-18,1077.430054,1053.7252,GOOG
2018-04-19,1069.400024,1064.691,GOOG
2018-04-20,1082.0,1073.875,GOOG
2018-04-23,1077.859985,1072.1199,GOOG
2018-04-24,1052.0,1065.6149,GOOG
2018-04-25,1025.52002,1032.9567,GOOG
2018-04-26,1029.51001,1018.0752,GOOG
2018-04-27,1046.0,1023.42505,GOOG
2018-04-30,1030.01001,1028.1636,GOOG
2018-05-01,1013.659973,1021.68274,GOOG
2018-05-02,1028.099976,1024.2518,GOOG
2018-05-03,1019.0,1023.5958,GOOG
2018-05-04,1016.900024,1019.281,GOOG
2018-05-07,1049.22998,1030.4525,GOOG
2018-05-08,1058.540039,1045.1277,GOOG
2018-05-09,1058.099976,1049.3661,GOOG
2018-05-10,1086.030029,1064.1873,GOOG
2018-05-11,1093.599976,1082.3315,GOOG
2018-05-14,1100.0,1089.1741,GOOG
2018-05-15,1090.0,1094.3969,GOOG
2018-05-16,1077.310059,1081.9791,GOOG
2018-05-17,1079.890015,1077.5157,GOOG
2018-05-18,1061.859985,1075.3656,GOOG
2018-05-21,1074.060059,1066.3676,GOOG
2018-05-22,1083.560059,1072.6532,GOOG
2018-05-23,1065.130005,1070.6136,GOOG
2018-05-24,1079.0,1071.0859,GOOG
2018-05-25,1079.02002,1072.8995,GOOG
2018-05-29,1064.890015,1073.9343,GOOG
2018-05-30,1063.030029,1063.894,GOOG
2018-05-31,1067.560059,1062.0363,GOOG
2018-06-01,1099.349976,1071.4143,GOOG
2018-06-04,1122.329956,1096.1365,GOOG
2018-06-05,1140.98999,1117.2666,GOOG
2018-06-06,1142.170044,1127.7543,GOOG
2018-06-07,1131.319946,1127.9558,GOOG
2018-06-08,1118.180054,1120.2244,GOOG
2018-06-11,1118.599976,1114.8329,GOOG
2018-06-12,1131.069946,1119.9468,GOOG
2018-06-13,1141.119995,1128.683,GOOG
2018-06-14,1143.849976,1131.138,GOOG
2018-06-15,1148.859985,1139.1833,GOOG
2018-06-18,1143.650024,1141.335,GOOG
2018-06-19,1158.5,1151.5875,GOOG
2018-06-20,1175.310059,1155.1793,GOOG
2018-06-21,1174.849976,1162.1926,GOOG
2018-06-22,1159.140015,1156.4421,GOOG
2018-06-25,1143.599976,1149.8618,GOOG
2018-06-26,1128.0,1128.8818,GOOG
2018-06-27,1121.339966,1117.8628,GOOG
2018-06-28,1102.089966,1107.4072,GOOG
2018-06-29,1120.0,1105.8578,GOOG
2018-07-02,1099.0,1111.0417,GOOG
2018-07-03,1135.819946,1112.7893,GOOG
2018-07-05,1110.530029,1108.2268,GOOG
2018-07-06,1123.579956,1113.0732,GOOG
2018-07-09,1148.47998,1125.4008,GOOG
2018-07-10,1156.97998,1140.8362,GOOG
2018-07-11,1144.589966,1147.1877,GOOG
2018-07-12,1159.890015,1147.0646,GOOG
2018-07-13,1185.0,1161.7924,GOOG
2018-07-16,1189.390015,1175.0249,GOOG
2018-07-17,1172.219971,1177.3416,GOOG
2018-07-18,1196.560059,1181.3612,GOOG
2018-07-19,1191.0,1185.512,GOOG
2018-07-20,1186.959961,1181.3608,GOOG
2018-07-23,1181.01001,1179.1969,GOOG
2018-07-24,1262.589966,1185.7654,GOOG
2018-07-25,1239.130005,1221.2517,GOOG
2018-07-26,1251.0,1236.8397,GOOG
2018-07-27,1271.0,1244.4727,GOOG
2018-07-30,1228.01001,1235.5242,GOOG
2018-07-31,1220.01001,1215.2582,GOOG
2018-08-01,1228.0,1206.8679,GOOG
2018-08-02,1205.900024,1209.4172,GOOG
2018-08-03,1229.619995,1210.8855,GOOG
2018-08-06,1225.0,1212.821,GOOG
2018-08-07,1237.0,1212.7606,GOOG
2018-08-08,1240.469971,1225.7179,GOOG
2018-08-09,1249.900024,1232.7552,GOOG
2018-08-10,1243.0,1237.913,GOOG
2018-08-13,1236.97998,1231.888,GOOG
2018-08-14,1235.189941,1228.7806,GOOG
2018-08-15,1229.26001,1228.4485,GOOG
2018-08-16,1224.72998,1214.8898,GOOG
2018-08-17,1202.030029,1204.5911,GOOG
2018-08-20,1205.02002,1193.9181,GOOG
2018-08-21,1208.0,1195.1874,GOOG
2018-08-22,1200.0,1196.2444,GOOG
2018-08-23,1207.140015,1197.9312,GOOG
2018-08-24,1208.819946,1199.5278,GOOG
2018-08-27,1227.599976,1205.783,GOOG
2018-08-28,1241.290039,1221.7686,GOOG
2018-08-29,1237.449951,1224.7112,GOOG
2018-08-30,1244.22998,1232.4697,GOOG
2018-08-31,1234.97998,1231.1791,GOOG
2018-09-04,1204.27002,1217.0989,GOOG
2018-09-05,1193.800049,1197.0593,GOOG
2018-09-06,1186.300049,1179.938,GOOG
2018-09-07,1158.670044,1166.4446,GOOG
2018-09-10,1172.189941,1158.3687,GOOG
2018-09-11,1161.630005,1158.1007,GOOG
2018-09-12,1172.719971,1162.7495,GOOG
2018-09-13,1170.73999,1160.0209,GOOG
2018-09-14,1179.099976,1163.6022,GOOG
2018-09-17,1170.140015,1165.8604,GOOG
2018-09-18,1157.089966,1157.7089,GOOG
2018-09-19,1164.97998,1156.3516,GOOG
2018-09-20,1179.98999,1159.3152,GOOG
2018-09-21,1192.0,1171.5784,GOOG
2018-09-24,1157.170044,1166.1418,GOOG
2018-09-25,1176.150024,1159.2893,GOOG
2018-09-26,1185.150024,1164.974,GOOG
2018-09-27,1186.72998,1171.6896,GOOG
2018-09-28,1191.869995,1181.7262,GOOG
2018-10-01,1199.890015,1183.7263,GOOG
2018-10-02,1190.959961,1186.9375,GOOG
2018-10-03,1205.0,1187.945,GOOG
2018-10-04,1195.329956,1191.1034,GOOG
2018-10-05,1167.5,1172.6262,GOOG
2018-10-08,1150.109985,1156.2805,GOOG
2018-10-09,1146.150024,1143.2429,GOOG
2018-10-10,1131.079956,1137.0261,GOOG
2018-10-11,1072.939941,1102.5708,GOOG
2018-10-12,1108.0,1081.08,GOOG
2018-10-15,1108.910034,1090.5676,GOOG
2018-10-16,1104.589966,1090.2817,GOOG
2018-10-17,1126.459961,1104.3214,GOOG
2018-10-18,1121.839966,1109.6632,GOOG
2018-10-19,1093.369995,1094.496,GOOG
2018-10-22,1103.060059,1090.6677,GOOG
2018-10-23,1080.890015,1093.7886,GOOG
2018-10-24,1104.25,1092.4647,GOOG
2018-10-25,1071.790039,1069.8206,GOOG
2018-10-26,1037.030029,1077.9084,GOOG
2018-10-29,1082.469971,1064.1716,GOOG
2018-10-30,1008.460022,1035.1927,GOOG
2018-10-31,1059.810059,1020.16724,GOOG
2018-11-01,1075.800049,1049.7577,GOOG
2018-11-02,1073.72998,1061.4896,GOOG
2018-11-05,1055.0,1059.6266,GOOG
2018-11-06,1039.47998,1043.0327,GOOG
2018-11-07,1069.0,1044.0464,GOOG
2018-11-08,1091.380005,1068.088,GOOG
2018-11-09,1073.98999,1077.9058,GOOG
2018-11-12,1061.390015,1067.705,GOOG
2018-11-13,1043.290039,1046.842,GOOG
2018-11-14,1050.0,1036.716,GOOG
2018-11-15,1044.709961,1038.5819,GOOG
2018-11-16,1059.410034,1049.9648,GOOG
2018-11-19,1057.199951,1055.1926,GOOG
2018-11-20,1000.0,1034.2874,GOOG
2018-11-21,1036.76001,1017.9203,GOOG
2018-11-23,1030.0,1027.9106,GOOG
2018-11-26,1038.349976,1025.911,GOOG
2018-11-27,1041.0,1037.897,GOOG
2018-11-28,1048.76001,1041.9098,GOOG
2018-11-29,1076.079956,1058.3752,GOOG
2018-11-30,1089.069946,1073.3125,GOOG
2018-12-03,1123.140015,1081.0685,GOOG
2018-12-04,1103.119995,1097.2128,GOOG
2018-12-06,1034.26001,1069.884,GOOG
2018-12-07,1060.01001,1054.775,GOOG
2018-12-10,1035.050049,1041.4469,GOOG
2018-12-11,1056.48999,1033.8961,GOOG
2018-12-12,1068.0,1042.9178,GOOG
2018-12-13,1068.069946,1057.3973,GOOG
2018-12-14,1049.97998,1059.9343,GOOG
2018-12-17,1037.51001,1047.1914,GOOG
2018-12-18,1026.089966,1026.4769,GOOG
2018-12-19,1033.98999,1025.1005,GOOG
2018-12-20,1018.130005,1023.23303,GOOG
2018-12-21,1015.299988,1012.3927,GOOG
2018-12-24,973.900024,990.9527,GOOG
2018-12-26,989.01001,976.92615,GOOG
2018-12-27,1017.150024,1002.2481,GOOG
2018-12-28,1049.619995,1021.8224,GOOG
2018-12-31,1050.959961,1033.4976,GOOG
2018-06-22,1159.140015,1163.5208,GOOG
2018-06-25,1143.599976,1156.997,GOOG
2018-06-26,1128.0,1137.8506,GOOG
2018-06-27,1121.339966,1125.393,GOOG
2018-06-28,1102.089966,1115.1742,GOOG
2018-06-29,1120.0,1112.5955,GOOG
2018-07-02,1099.0,1117.0176,GOOG
2018-07-03,1135.819946,1119.5105,GOOG
2018-07-05,1110.530029,1116.0935,GOOG
2018-07-06,1123.579956,1119.4073,GOOG
2018-07-09,1148.47998,1130.0853,GOOG
2018-07-10,1156.97998,1145.0061,GOOG
2018-07-11,1144.589966,1152.1328,GOOG
2018-07-12,1159.890015,1152.6952,GOOG
2018-07-13,1185.0,1165.2711,GOOG
2018-07-16,1189.390015,1178.9056,GOOG
2018-07-17,1172.219971,1182.8335,GOOG
2018-07-18,1196.560059,1186.743,GOOG
2018-07-19,1191.0,1190.8533,GOOG
2018-07-20,1186.959961,1188.1272,GOOG
2018-07-23,1181.01001,1185.7812,GOOG
2018-07-24,1262.589966,1191.7559,GOOG
2018-07-25,1239.130005,1224.2585,GOOG
2018-07-26,1251.0,1243.3739,GOOG
2018-07-27,1271.0,1254.1403,GOOG
2018-07-30,1228.01001,1246.7275,GOOG
2018-07-31,1220.01001,1227.0457,GOOG
2018-08-01,1228.0,1216.0828,GOOG
2018-08-02,1205.900024,1216.7681,GOOG
2018-08-03,1229.619995,1218.2058,GOOG
2018-08-06,1225.0,1220.5415,GOOG
2018-08-07,1237.0,1221.3754,GOOG
2018-08-08,1240.469971,1233.146,GOOG
2018-08-09,1249.900024,1240.7588,GOOG
2018-08-10,1243.0,1246.2744,GOOG
2018-08-13,1236.97998,1241.217,GOOG
2018-08-14,1235.189941,1236.87,GOOG
2018-08-15,1229.26001,1235.9143,GOOG
2018-08-16,1224.72998,1224.3926,GOOG
2018-08-17,1202.030029,1213.7031,GOOG
2018-08-20,1205.02002,1203.5334,GOOG
2018-08-21,1208.0,1203.3071,GOOG
2018-08-22,1200.0,1204.6237,GOOG
2018-08-23,1207.140015,1205.9824,GOOG
2018-08-24,1208.819946,1207.7667,GOOG
2018-08-27,1227.599976,1213.1812,GOOG
2018-08-28,1241.290039,1227.949,GOOG
2018-08-29,1237.449951,1232.5334,GOOG
2018-08-30,1244.22998,1239.4463,GOOG
2018-08-31,1234.97998,1239.2078,GOOG
2018-09-04,1204.27002,1226.8745,GOOG
2018-09-05,1193.800049,1207.229,GOOG
2018-09-06,1186.300049,1190.1833,GOOG
2018-09-07,1158.670044,1176.3926,GOOG
2018-09-10,1172.189941,1167.8334,GOOG
2018-09-11,1161.630005,1166.8838,GOOG
2018-09-12,1172.719971,1171.0475,GOOG
2018-09-13,1170.73999,1169.2693,GOOG
2018-09-14,1179.099976,1172.0135,GOOG
2018-09-17,1170.140015,1174.0629,GOOG
2018-09-18,1157.089966,1166.9377,GOOG
2018-09-19,1164.97998,1163.55,GOOG
2018-09-20,1179.98999,1165.7236,GOOG
2018-09-21,1192.0,1176.8357,GOOG
2018-09-24,1157.170044,1174.729,GOOG
2018-09-25,1176.150024,1167.4398,GOOG
2018-09-26,1185.150024,1173.7864,GOOG
2018-09-27,1186.72998,1179.1711,GOOG
2018-09-28,1191.869995,1187.4633,GOOG
2018-10-01,1199.890015,1190.5259,GOOG
2018-10-02,1190.959961,1193.7003,GOOG
2018-10-03,1205.0,1194.967,GOOG
2018-10-04,1195.329956,1197.9794,GOOG
2018-10-05,1167.5,1182.8206,GOOG
2018-10-08,1150.109985,1165.316,GOOG
2018-10-09,1146.150024,1152.3284,GOOG
2018-10-10,1131.079956,1144.9988,GOOG
2018-10-11,1072.939941,1114.81,GOOG
2018-10-12,1108.0,1091.3882,GOOG
2018-10-15,1108.910034,1097.8625,GOOG
2018-10-16,1104.589966,1099.8611,GOOG
2018-10-17,1126.459961,1111.999,GOOG
2018-10-18,1121.839966,1117.6605,GOOG
2018-10-19,1093.369995,1105.0895,GOOG
2018-10-22,1103.060059,1098.1761,GOOG
2018-10-23,1080.890015,1100.3743,GOOG
2018-10-24,1104.25,1098.8921,GOOG
2018-10-25,1071.790039,1078.4238,GOOG
2018-10-26,1037.030029,1082.6302,GOOG
2018-10-29,1082.469971,1072.8318,GOOG
2018-10-30,1008.460022,1046.9207,GOOG
2018-10-31,1059.810059,1030.4972,GOOG
2018-11-01,1075.800049,1055.3624,GOOG
2018-11-02,1073.72998,1068.4421,GOOG
2018-11-05,1055.0,1068.0026,GOOG
2018-11-06,1039.47998,1052.0217,GOOG
2018-11-07,1069.0,1050.0931,GOOG
2018-11-08,1091.380005,1071.3883,GOOG
2018-11-09,1073.98999,1082.509,GOOG
2018-11-12,1061.390015,1074.5859,GOOG
2018-11-13,1043.290039,1054.2311,GOOG
2018-11-14,1050.0,1042.1494,GOOG
2018-11-15,1044.709961,1042.6211,GOOG
2018-11-16,1059.410034,1053.3042,GOOG
2018-11-19,1057.199951,1059.6947,GOOG
2018-11-20,1000.0,1042.5033,GOOG
2018-11-21,1036.76001,1025.471,GOOG
2018-11-23,1030.0,1032.3113,GOOG
2018-11-26,1038.349976,1031.7496,GOOG
2018-11-27,1041.0,1041.7032,GOOG
2018-11-28,1048.76001,1045.7689,GOOG
2018-11-29,1076.079956,1062.1594,GOOG
2018-11-30,1089.069946,1077.4805,GOOG
2018-12-03,1123.140015,1087.3452,GOOG
2018-12-04,1103.119995,1101.32,GOOG
2018-12-06,1034.26001,1079.2274,GOOG
2018-12-07,1060.01001,1061.7303,GOOG
2018-12-10,1035.050049,1048.0571,GOOG
2018-12-11,1056.48999,1040.0768,GOOG
2018-12-12,1068.0,1046.7738,GOOG
2018-12-13,1068.069946,1061.0161,GOOG
2018-12-14,1049.97998,1065.2728,GOOG
2018-12-17,1037.51001,1054.7751,GOOG
2018-12-18,1026.089966,1034.9504,GOOG
2018-12-19,1033.98999,1030.6555,GOOG
2018-12-20,1018.130005,1028.8832,GOOG
2018-12-21,1015.299988,1019.2167,GOOG
2018-12-24,973.900024,999.8967,GOOG
2018-12-26,989.01001,984.2712,GOOG
2018-12-27,1017.150024,1006.96906,GOOG
2018-12-28,1049.619995,1026.5789,GOOG
2018-12-31,1050.959961,1039.188,GOOG
2019-01-02,1016.570007,1040.1406,GOOG
2019-01-03,1041.0,1038.803,GOOG
2019-01-04,1032.589966,1030.4194,GOOG
2019-01-07,1071.5,1046.4675,GOOG
2019-01-08,1076.109985,1060.9812,GOOG
2019-01-09,1081.650024,1070.0372,GOOG
2019-01-10,1067.660034,1072.6766,GOOG
2019-01-11,1063.180054,1069.8247,GOOG
2019-01-14,1046.920044,1061.5138,GOOG
2019-01-15,1050.170044,1051.2719,GOOG
2019-01-16,1080.0,1061.6516,GOOG
2019-01-17,1079.469971,1076.1345,GOOG
2019-01-18,1100.0,1083.7944,GOOG
2019-01-22,1088.0,1093.6362,GOOG
2019-01-23,1077.349976,1082.6051,GOOG
2019-01-24,1076.47998,1075.8855,GOOG
2019-01-25,1085.0,1073.7144,GOOG
2019-01-28,1080.109985,1083.8147,GOOG
2019-01-29,1072.680054,1078.5317,GOOG
2019-01-30,1068.430054,1069.1876,GOOG
2019-01-31,1103.0,1076.8048,GOOG
2019-02-01,1112.400024,1098.8962,GOOG
2019-02-04,1112.660034,1109.8228,GOOG
2019-02-05,1124.839966,1120.6478,GOOG
2019-02-06,1139.569946,1130.1345,GOOG
2019-02-07,1104.160034,1123.783,GOOG
2019-02-08,1087.0,1105.4441,GOOG
2019-02-11,1096.949951,1095.8575,GOOG
2019-02-12,1106.800049,1095.6321,GOOG
2019-02-13,1124.98999,1108.9362,GOOG
2019-02-14,1118.050049,1119.2233,GOOG
2019-02-15,1130.079956,1121.5472,GOOG
2019-02-19,1110.0,1119.2814,GOOG
2019-02-20,1119.98999,1117.2739,GOOG
2019-02-21,1110.839966,1116.115,GOOG
2019-02-22,1100.900024,1107.0522,GOOG
2019-02-25,1116.0,1105.996,GOOG
2019-02-26,1105.75,1109.356,GOOG
2019-02-27,1106.949951,1111.4602,GOOG
2019-02-28,1111.300049,1112.861,GOOG
2019-03-01,1124.900024,1117.1917,GOOG
2019-03-04,1146.98999,1129.1002,GOOG
2019-03-05,1150.060059,1140.3367,GOOG
2019-03-06,1162.48999,1152.2185,GOOG
2019-03-07,1155.719971,1157.0547,GOOG
2019-03-08,1126.72998,1149.3,GOOG
2019-03-11,1144.449951,1140.5864,GOOG
2019-03-12,1178.26001,1154.3848,GOOG
2019-03-13,1200.64502,1176.1489,GOOG
2019-03-14,1194.51001,1188.3486,GOOG
2019-03-15,1193.380005,1187.8762,GOOG
2019-03-18,1183.300049,1185.1405,GOOG
2019-03-19,1188.810059,1181.4685,GOOG
2019-03-20,1197.349976,1188.3645,GOOG
2019-03-21,1216.0,1204.808,GOOG
2019-03-22,1226.319946,1217.592,GOOG
2019-03-25,1196.930054,1212.9147,GOOG
2019-03-26,1198.530029,1199.1484,GOOG
2019-03-27,1185.5,1189.0931,GOOG
2019-03-28,1171.540039,1178.0112,GOOG
2019-03-29,1174.900024,1170.6437,GOOG
2019-04-01,1184.099976,1171.4994,GOOG
2019-04-02,1195.319946,1183.486,GOOG
2019-04-03,1207.47998,1192.9746,GOOG
2019-04-04,1205.939941,1202.5168,GOOG
2019-04-05,1214.98999,1209.0427,GOOG
2019-04-08,1207.890015,1209.1808,GOOG
2019-04-09,1196.0,1205.3562,GOOG
2019-04-10,1200.680054,1199.5697,GOOG
2019-04-11,1203.959961,1199.3134,GOOG
2019-04-12,1210.0,1201.7703,GOOG
2019-04-15,1218.0,1209.6807,GOOG
2019-04-16,1225.0,1215.5426,GOOG
2019-04-17,1233.0,1221.5813,GOOG
2019-04-18,1239.180054,1229.1931,GOOG
2019-04-22,1235.98999,1233.6135,GOOG
2019-04-23,1250.689941,1238.4973,GOOG
2019-04-24,1264.119995,1250.5686,GOOG
2019-04-25,1264.77002,1254.813,GOOG
2019-04-26,1269.0,1257.4111,GOOG
2019-04-29,1274.0,1262.7439,GOOG
2019-04-30,1185.0,1272.4185,GOOG
2019-05-01,1188.050049,1218.6427,GOOG
2019-05-02,1167.76001,1181.0133,GOOG
2019-05-03,1173.650024,1164.7986,GOOG
2019-05-06,1166.26001,1173.782,GOOG
2019-05-07,1180.469971,1181.4231,GOOG
2019-05-08,1172.01001,1180.474,GOOG
2019-05-09,1159.030029,1173.6058,GOOG
2019-05-10,1163.589966,1165.4357,GOOG
2019-05-13,1141.959961,1163.5262,GOOG
2019-05-14,1137.209961,1147.8776,GOOG
2019-05-15,1117.869995,1132.7056,GOOG
2019-05-16,1164.51001,1141.6425,GOOG
2019-05-17,1168.469971,1163.0339,GOOG
2019-05-20,1144.5,1167.3126,GOOG
2019-05-21,1148.48999,1151.2424,GOOG
2019-05-22,1146.75,1146.8462,GOOG
2019-05-23,1140.5,1148.8342,GOOG
2019-05-24,1147.359985,1144.3223,GOOG
2019-05-28,1134.0,1140.6783,GOOG
2019-05-29,1127.52002,1138.0552,GOOG
2019-05-30,1115.540039,1125.2902,GOOG
2019-05-31,1101.290039,1119.6067,GOOG
2019-01-24,1076.47998,1082.5908,GOOG
2019-01-25,1085.0,1079.646,GOOG
2019-01-28,1080.109985,1084.6671,GOOG
2019-01-29,1072.680054,1082.3087,GOOG
2019-01-30,1068.430054,1075.7341,GOOG
2019-01-31,1103.0,1078.5623,GOOG
2019-02-01,1112.400024,1093.6025,GOOG
2019-02-04,1112.660034,1106.3314,GOOG
2019-02-05,1124.839966,1116.0332,GOOG
2019-02-06,1139.569946,1123.0581,GOOG
2019-02-07,1104.160034,1122.1628,GOOG
2019-02-08,1087.0,1111.4512,GOOG
2019-02-11,1096.949951,1102.7325,GOOG
2019-02-12,1106.800049,1099.8673,GOOG
2019-02-13,1124.98999,1106.4568,GOOG
2019-02-14,1118.050049,1116.0958,GOOG
2019-02-15,1130.079956,1122.1539,GOOG
2019-02-19,1110.0,1123.1709,GOOG
2019-02-20,1119.98999,1122.6125,GOOG
2019-02-21,1110.839966,1121.6836,GOOG
2019-02-22,1100.900024,1114.6409,GOOG
2019-02-25,1116.0,1111.0382,GOOG
2019-02-26,1105.75,1111.3586,GOOG
2019-02-27,1106.949951,1112.7855,GOOG
2019-02-28,1111.300049,1115.1392,GOOG
2019-03-01,1124.900024,1118.8109,GOOG
2019-03-04,1146.98999,1127.7224,GOOG
2019-03-05,1150.060059,1137.9968,GOOG
2019-03-06,1162.48999,1149.1682,GOOG
2019-03-07,1155.719971,1156.4121,GOOG
2019-03-08,1126.72998,1154.1313,GOOG
2019-03-11,1144.449951,1147.2979,GOOG
2019-03-12,1178.26001,1152.5425,GOOG
2019-03-13,1200.64502,1166.8873,GOOG
2019-03-14,1194.51001,1180.1104,GOOG
2019-03-15,1193.380005,1185.7307,GOOG
2019-03-18,1183.300049,1185.1217,GOOG
2019-03-19,1188.810059,1183.3531,GOOG
2019-03-20,1197.349976,1187.1785,GOOG
2019-03-21,1216.0,1197.3955,GOOG
2019-03-22,1226.319946,1209.0282,GOOG
2019-03-25,1196.930054,1210.4805,GOOG
2019-03-26,1198.530029,1203.1136,GOOG
2019-03-27,1185.5,1194.3127,GOOG
2019-03-28,1171.540039,1184.6782,GOOG
2019-03-29,1174.900024,1177.0355,GOOG
2019-04-01,1184.099976,1174.358,GOOG
2019-04-02,1195.319946,1180.7905,GOOG
2019-04-03,1207.47998,1190.0403,GOOG
2019-04-04,1205.939941,1200.3857,GOOG
2019-04-05,1214.98999,1208.7749,GOOG
2019-04-08,1207.890015,1211.8339,GOOG
2019-04-09,1196.0,1210.1382,GOOG
2019-04-10,1200.680054,1205.146,GOOG
2019-04-11,1203.959961,1202.7706,GOOG
2019-04-12,1210.0,1203.1506,GOOG
2019-04-15,1218.0,1208.0137,GOOG
2019-04-16,1225.0,1213.2104,GOOG
2019-04-17,1233.0,1219.5172,GOOG
2019-04-18,1239.180054,1226.6282,GOOG
2019-04-22,1235.98999,1231.7172,GOOG
2019-04-23,1250.689941,1236.8726,GOOG
2019-04-24,1264.119995,1245.467,GOOG
2019-04-25,1264.77002,1251.1157,GOOG
2019-04-26,1269.0,1254.6431,GOOG
2019-04-29,1274.0,1258.9623,GOOG
2019-04-30,1185.0,1264.5737,GOOG
2019-05-01,1188.050049,1227.2194,GOOG
2019-05-02,1167.76001,1191.4559,GOOG
2019-05-03,1173.650024,1171.9646,GOOG
2019-05-06,1166.26001,1171.8372,GOOG
2019-05-07,1180.469971,1177.7393,GOOG
2019-05-08,1172.01001,1180.349,GOOG
2019-05-09,1159.030029,1178.7463,GOOG
2019-05-10,1163.589966,1174.2249,GOOG
2019-05-13,1141.959961,1172.5402,GOOG
2019-05-14,1137.209961,1159.8329,GOOG
2019-05-15,1117.869995,1143.685,GOOG
2019-05-16,1164.51001,1141.6158,GOOG
2019-05-17,1168.469971,1155.2284,GOOG
2019-05-20,1144.5,1164.7733,GOOG
2019-05-21,1148.48999,1158.8755,GOOG
2019-05-22,1146.75,1154.322,GOOG
2019-05-23,1140.5,1154.2397,GOOG
2019-05-24,1147.359985,1150.8909,GOOG
2019-05-28,1134.0,1146.7991,GOOG
2019-05-29,1127.52002,1142.8973,GOOG
2019-05-30,1115.540039,1132.6415,GOOG
2019-05-31,1101.290039,1126.49,GOOG
2019-06-03,1065.5,1119.3597,GOOG
2019-06-04,1042.900024,1084.6229,GOOG
2019-06-05,1051.540039,1060.0037,GOOG
2019-06-06,1044.98999,1049.6798,GOOG
2019-06-07,1050.630005,1048.5564,GOOG
2019-06-10,1072.97998,1056.8076,GOOG
2019-06-11,1093.97998,1071.6677,GOOG
2019-06-12,1078.0,1083.2144,GOOG
2019-06-13,1083.640015,1086.1616,GOOG
2019-06-14,1086.420044,1090.997,GOOG
2019-06-17,1086.280029,1092.4539,GOOG
2019-06-18,1109.689941,1093.5486,GOOG
2019-06-19,1105.599976,1098.7683,GOOG
2019-06-20,1119.98999,1101.4761,GOOG
2019-06-21,1109.23999,1106.4902,GOOG
2019-06-24,1119.609985,1111.8755,GOOG
2019-06-25,1112.660034,1115.374,GOOG
2019-06-26,1086.5,1108.122,GOOG
2019-06-27,1084.0,1095.9518,GOOG
2019-06-28,1076.390015,1087.9376,GOOG
2019-07-01,1098.0,1084.1053,GOOG
2019-07-02,1102.23999,1090.7694,GOOG
2019-07-03,1117.410034,1101.5934,GOOG
2019-07-05,1117.800049,1114.2834,GOOG
2019-07-08,1125.170044,1124.1714,GOOG
2019-07-09,1111.800049,1125.8198,GOOG
2019-07-10,1131.219971,1125.2032,GOOG
2019-07-11,1143.25,1130.78,GOOG
2019-07-12,1143.98999,1138.2158,GOOG
2019-07-15,1146.859985,1142.8479,GOOG
2019-07-16,1146.0,1146.4778,GOOG
2019-07-17,1150.969971,1149.7972,GOOG
2019-07-18,1141.73999,1150.9794,GOOG
2019-07-19,1148.189941,1149.1792,GOOG
2019-07-22,1133.449951,1143.8347,GOOG
2019-07-23,1144.0,1139.454,GOOG
2019-07-24,1131.900024,1141.0388,GOOG
2019-07-25,1137.819946,1140.7603,GOOG
2019-07-26,1224.040039,1137.2981,GOOG
2019-07-29,1241.050049,1172.0591,GOOG
2019-07-30,1225.410034,1203.1924,GOOG
2019-07-31,1223.0,1217.7211,GOOG
2019-08-01,1214.030029,1218.652,GOOG
2019-08-02,1200.73999,1213.9597,GOOG
2019-08-05,1170.040039,1203.3397,GOOG
2019-08-06,1163.310059,1179.8912,GOOG
2019-08-07,1156.0,1168.3965,GOOG
2019-08-08,1182.829956,1164.0872,GOOG
2019-08-09,1197.98999,1174.9775,GOOG
2019-08-12,1179.209961,1186.0641,GOOG
2019-08-13,1171.459961,1187.5193,GOOG
2019-08-14,1176.310059,1189.8722,GOOG
2019-08-15,1163.5,1183.289,GOOG
2019-08-16,1179.550049,1177.271,GOOG
2019-08-19,1190.089966,1176.7272,GOOG
2019-08-20,1195.25,1184.6626,GOOG
2019-08-21,1193.150024,1187.6978,GOOG
2019-08-22,1194.069946,1191.2415,GOOG
2019-08-23,1181.98999,1192.8188,GOOG
2019-08-26,1157.26001,1181.655,GOOG
2019-08-27,1180.530029,1172.9493,GOOG
2019-08-28,1161.709961,1171.3923,GOOG
2019-08-29,1181.119995,1171.6903,GOOG
2019-08-30,1198.5,1179.4253,GOOG
2019-09-03,1177.030029,1186.6952,GOOG
2019-09-04,1176.709961,1183.4519,GOOG
2019-09-05,1191.530029,1181.7507,GOOG
2019-09-06,1208.130005,1191.2267,GOOG
2019-09-09,1204.0,1200.0134,GOOG
2019-09-10,1195.150024,1203.0857,GOOG
2019-09-11,1203.410034,1202.8726,GOOG
2019-09-12,1224.300049,1206.3931,GOOG
2019-09-13,1231.349976,1215.6111,GOOG
2019-09-16,1229.52002,1225.0009,GOOG
2019-09-17,1230.400024,1228.8303,GOOG
2019-09-18,1227.51001,1228.3348,GOOG
2019-09-19,1232.060059,1227.1993,GOOG
2019-09-20,1233.119995,1230.4519,GOOG
2019-09-23,1226.0,1229.5999,GOOG
2019-09-24,1240.0,1228.7373,GOOG
2019-09-25,1215.819946,1225.3319,GOOG
2019-09-26,1241.959961,1227.2861,GOOG
2019-09-27,1243.01001,1231.8677,GOOG
2019-09-30,1220.969971,1231.1106,GOOG
2019-10-01,1219.0,1225.6133,GOOG
2019-10-02,1196.97998,1218.2997,GOOG
2019-10-03,1180.0,1202.6881,GOOG
2019-10-04,1191.890015,1191.1243,GOOG
2019-10-07,1204.400024,1194.1978,GOOG
2019-10-08,1197.589966,1202.3094,GOOG
2019-10-09,1199.349976,1202.3342,GOOG
2019-10-10,1198.579956,1203.7257,GOOG
2019-10-11,1222.209961,1206.9238,GOOG
2019-10-14,1212.339966,1212.8208,GOOG
2019-10-15,1220.400024,1217.0005,GOOG
2019-10-16,1241.170044,1224.9375,GOOG
2019-10-17,1250.930054,1232.7026,GOOG
2019-10-18,1253.459961,1241.2727,GOOG
2019-10-21,1252.26001,1244.6096,GOOG
2019-10-22,1247.849976,1245.0022,GOOG
2019-10-23,1242.359985,1243.3666,GOOG
2019-10-24,1260.900024,1245.6682,GOOG
2019-10-25,1251.030029,1250.6002,GOOG
2019-10-28,1275.449951,1254.2178,GOOG
2019-10-29,1276.22998,1263.0898,GOOG
2019-10-30,1252.969971,1263.0355,GOOG
2019-10-31,1261.280029,1259.6013,GOOG
2019-11-01,1265.0,1257.006,GOOG
2019-11-04,1276.449951,1259.3356,GOOG
2019-11-05,1292.890015,1268.0275,GOOG
2019-11-06,1289.459961,1277.5865,GOOG
2019-11-07,1294.280029,1282.5375,GOOG
2019-11-08,1305.280029,1289.0917,GOOG
2019-11-11,1303.180054,1296.0392,GOOG
2019-11-12,1300.0,1297.4421,GOOG
2019-11-13,1294.069946,1296.3406,GOOG
2019-11-14,1297.5,1294.2142,GOOG
2019-11-15,1318.939941,1295.9609,GOOG
2019-11-18,1332.219971,1305.1431,GOOG
2019-11-19,1327.699951,1311.2855,GOOG
2019-11-20,1311.73999,1312.2085,GOOG
2019-11-21,1301.47998,1306.0737,GOOG
2019-11-22,1305.619995,1300.8351,GOOG
2019-11-25,1299.180054,1296.5774,GOOG
2019-11-26,1309.859985,1297.0186,GOOG
2019-11-27,1315.0,1300.8182,GOOG
2019-11-29,1307.119995,1304.5854,GOOG
2019-12-02,1301.0,1305.0186,GOOG
2019-12-03,1279.569946,1298.5938,GOOG
2019-12-04,1307.01001,1292.6112,GOOG
2019-12-05,1328.0,1298.1282,GOOG
2019-12-06,1333.439941,1307.9841,GOOG
2019-12-09,1338.040039,1319.2032,GOOG
2019-12-10,1341.5,1328.0098,GOOG
2019-12-11,1350.839966,1332.6335,GOOG
2019-12-12,1345.939941,1336.0123,GOOG
2019-12-13,1347.949951,1338.4696,GOOG
2019-12-16,1356.5,1338.397,GOOG
2019-12-17,1362.890015,1341.2281,GOOG
2019-12-18,1356.599976,1342.4468,GOOG
2019-12-19,1351.819946,1342.3583,GOOG
2019-12-20,1363.349976,1342.7358,GOOG
2019-12-23,1355.869995,1340.4181,GOOG
2019-12-24,1348.5,1339.894,GOOG
2019-12-26,1346.170044,1340.1768,GOOG
2019-12-27,1362.98999,1344.379,GOOG
2019-12-30,1350.0,1346.6987,GOOG
2019-12-31,1330.109985,1342.0984,GOOG
2019-06-24,1119.609985,1111.3778,GOOG
2019-06-25,1112.660034,1114.0873,GOOG
2019-06-26,1086.5,1100.4215,GOOG
2019-06-27,1084.0,1085.1224,GOOG
2019-06-28,1076.390015,1079.5686,GOOG
2019-07-01,1098.0,1077.3732,GOOG
2019-07-02,1102.23999,1089.6636,GOOG
2019-07-03,1117.410034,1105.2836,GOOG
2019-07-05,1117.800049,1119.1405,GOOG
2019-07-08,1125.170044,1126.8765,GOOG
2019-07-09,1111.800049,1123.2096,GOOG
2019-07-10,1131.219971,1122.1333,GOOG
2019-07-11,1143.25,1131.4269,GOOG
2019-07-12,1143.98999,1139.1465,GOOG
2019-07-15,1146.859985,1141.5892,GOOG
2019-07-16,1146.0,1143.9313,GOOG
2019-07-17,1150.969971,1146.071,GOOG
2019-07-18,1141.73999,1145.7032,GOOG
2019-07-19,1148.189941,1142.9818,GOOG
2019-07-22,1133.449951,1135.0244,GOOG
2019-07-23,1144.0,1132.8007,GOOG
2019-07-24,1131.900024,1138.1388,GOOG
2019-07-25,1137.819946,1135.98,GOOG
2019-07-26,1224.040039,1130.5656,GOOG
2019-07-29,1241.050049,1192.5895,GOOG
2019-07-30,1225.410034,1230.5182,GOOG
2019-07-31,1223.0,1236.3474,GOOG
2019-08-01,1214.030029,1225.0491,GOOG
2019-08-02,1200.73999,1212.54,GOOG
2019-08-05,1170.040039,1194.573,GOOG
2019-08-06,1163.310059,1160.0912,GOOG
2019-08-07,1156.0,1157.2457,GOOG
2019-08-08,1182.829956,1159.766,GOOG
2019-08-09,1197.98999,1178.3245,GOOG
2019-08-12,1179.209961,1189.1687,GOOG
2019-08-13,1171.459961,1186.6963,GOOG
2019-08-14,1176.310059,1191.1377,GOOG
2019-08-15,1163.5,1177.6676,GOOG
2019-08-16,1179.550049,1171.4939,GOOG
2019-08-19,1190.089966,1174.9084,GOOG
2019-08-20,1195.25,1188.2212,GOOG
2019-08-21,1193.150024,1187.2417,GOOG
2019-08-22,1194.069946,1190.9124,GOOG
2019-08-23,1181.98999,1190.3505,GOOG
2019-08-26,1157.26001,1169.061,GOOG
2019-08-27,1180.530029,1163.9971,GOOG
2019-08-28,1161.709961,1167.3668,GOOG
2019-08-29,1181.119995,1168.5762,GOOG
2019-08-30,1198.5,1180.5366,GOOG
2019-09-03,1177.030029,1187.5615,GOOG
2019-09-04,1176.709961,1177.675,GOOG
2019-09-05,1191.530029,1178.644,GOOG
2019-09-06,1208.130005,1196.1339,GOOG
2019-09-09,1204.0,1203.7698,GOOG
2019-09-10,1195.150024,1203.281,GOOG
2019-09-11,1203.410034,1201.7305,GOOG
2019-09-12,1224.300049,1207.7075,GOOG
2019-09-13,1231.349976,1219.7668,GOOG
2019-09-16,1229.52002,1230.133,GOOG
2019-09-17,1230.400024,1231.0664,GOOG
2019-09-18,1227.51001,1227.0742,GOOG
2019-09-19,1232.060059,1224.069,GOOG
2019-09-20,1233.119995,1229.399,GOOG
2019-09-23,1226.0,1225.5292,GOOG
2019-09-24,1240.0,1227.3958,GOOG
2019-09-25,1215.819946,1222.5198,GOOG
2019-09-26,1241.959961,1228.3284,GOOG
2019-09-27,1243.01001,1234.3251,GOOG
2019-09-30,1220.969971,1229.8771,GOOG
2019-10-01,1219.0,1221.7875,GOOG
2019-10-02,1196.97998,1212.6389,GOOG
2019-10-03,1180.0,1190.0704,GOOG
2019-10-04,1191.890015,1181.1282,GOOG
2019-10-07,1204.400024,1195.2882,GOOG
2019-10-08,1197.589966,1206.4598,GOOG
2019-10-09,1199.349976,1200.1936,GOOG
2019-10-10,1198.579956,1202.8,GOOG
2019-10-11,1222.209961,1207.7703,GOOG
2019-10-14,1212.339966,1214.0596,GOOG
2019-10-15,1220.400024,1218.3975,GOOG
2019-10-16,1241.170044,1229.8202,GOOG
2019-10-17,1250.930054,1237.5796,GOOG
2019-10-18,1253.459961,1246.5039,GOOG
2019-10-21,1252.26001,1245.3518,GOOG
2019-10-22,1247.849976,1243.8853,GOOG
2019-10-23,1242.359985,1241.0065,GOOG
2019-10-24,1260.900024,1245.4542,GOOG
2019-10-25,1251.030029,1251.1072,GOOG
2019-10-28,1275.449951,1254.3804,GOOG
2019-10-29,1276.22998,1267.3789,GOOG
2019-10-30,1252.969971,1264.2715,GOOG
2019-10-31,1261.280029,1260.9282,GOOG
2019-11-01,1265.0,1257.6825,GOOG
2019-11-04,1276.449951,1261.7449,GOOG
2019-11-05,1292.890015,1274.8206,GOOG
2019-11-06,1289.459961,1285.4862,GOOG
2019-11-07,1294.280029,1287.4296,GOOG
2019-11-08,1305.280029,1294.8625,GOOG
2019-11-11,1303.180054,1303.2688,GOOG
2019-11-12,1300.0,1300.9473,GOOG
2019-11-13,1294.069946,1297.1492,GOOG
2019-11-14,1297.5,1293.8219,GOOG
2019-11-15,1318.939941,1297.0306,GOOG
2019-11-18,1332.219971,1310.8734,GOOG
2019-11-19,1327.699951,1316.4668,GOOG
2019-11-20,1311.73999,1315.625,GOOG
2019-11-21,1301.47998,1304.8914,GOOG
2019-11-22,1305.619995,1299.138,GOOG
2019-11-25,1299.180054,1294.1523,GOOG
2019-11-26,1309.859985,1298.129,GOOG
2019-11-27,1315.0,1304.5486,GOOG
2019-11-29,1307.119995,1308.0565,GOOG
2019-12-02,1301.0,1306.3242,GOOG
2019-12-03,1279.569946,1294.0536,GOOG
2019-12-04,1307.01001,1289.6136,GOOG
2019-12-05,1328.0,1303.7794,GOOG
2019-12-06,1333.439941,1317.1486,GOOG
2019-12-09,1338.040039,1329.8877,GOOG
2019-12-10,1341.5,1337.8839,GOOG
2019-12-11,1350.839966,1339.9231,GOOG
2019-12-12,1345.939941,1341.5099,GOOG
2019-12-13,1347.949951,1342.358,GOOG
2019-12-16,1356.5,1340.0161,GOOG
2019-12-17,1362.890015,1345.9075,GOOG
2019-12-18,1356.599976,1346.0851,GOOG
2019-12-19,1351.819946,1345.4995,GOOG
2019-12-20,1363.349976,1347.2574,GOOG
2019-12-23,1355.869995,1341.6954,GOOG
2019-12-24,1348.5,1345.7769,GOOG
2019-12-26,1346.170044,1347.4299,GOOG
2019-12-27,1362.98999,1349.9067,GOOG
2019-12-30,1350.0,1348.2551,GOOG
2019-12-31,1330.109985,1339.5496,GOOG
2020-01-02,1341.550049,1333.4124,GOOG
2020-01-03,1347.859985,1345.6787,GOOG
2020-01-06,1350.0,1352.4171,GOOG
2020-01-07,1397.939941,1367.6697,GOOG
2020-01-08,1392.079956,1382.5298,GOOG
2020-01-09,1420.569946,1392.94,GOOG
2020-01-10,1427.560059,1406.0243,GOOG
2020-01-13,1436.130005,1415.894,GOOG
2020-01-14,1439.01001,1423.5208,GOOG
2020-01-15,1430.209961,1422.9452,GOOG
2020-01-16,1447.439941,1424.3667,GOOG
2020-01-17,1462.910034,1431.8547,GOOG
2020-01-21,1479.119995,1447.7595,GOOG
2020-01-22,1491.0,1461.5745,GOOG
2020-01-23,1487.640015,1473.6221,GOOG
2020-01-24,1493.589966,1477.0419,GOOG
2020-01-27,1431.0,1466.2881,GOOG
2020-01-28,1443.0,1436.148,GOOG
2020-01-29,1458.800049,1432.4231,GOOG
2020-01-30,1439.959961,1441.4415,GOOG
2020-01-31,1468.900024,1441.6189,GOOG
2020-02-03,1462.0,1432.691,GOOG
2020-02-04,1457.069946,1453.3835,GOOG
2020-02-05,1462.420044,1444.4519,GOOG
2020-02-06,1450.329956,1444.9072,GOOG
2020-02-07,1467.300049,1462.0237,GOOG
2020-02-10,1474.319946,1470.4513,GOOG
2020-02-11,1511.810059,1483.1187,GOOG
2020-02-12,1514.47998,1496.51,GOOG
2020-02-13,1512.689941,1505.3293,GOOG
2020-02-14,1515.599976,1505.4742,GOOG
2020-02-18,1515.0,1505.3663,GOOG
2020-02-19,1525.069946,1505.81,GOOG
2020-02-20,1522.0,1510.3555,GOOG
2020-02-21,1508.030029,1506.2888,GOOG
2020-02-24,1426.109985,1485.7273,GOOG
2020-02-25,1433.0,1433.362,GOOG
2020-02-26,1396.140015,1397.5524,GOOG
2020-02-27,1362.060059,1388.3833,GOOG
2020-02-28,1277.5,1346.8759,GOOG
2020-03-02,1351.609985,1322.5905,GOOG
2020-03-03,1399.420044,1353.935,GOOG
2020-03-04,1359.22998,1362.6887,GOOG
2020-03-05,1350.199951,1378.7202,GOOG
2020-03-06,1277.060059,1354.1228,GOOG
2020-03-09,1205.300049,1315.0342,GOOG
2020-03-10,1260.0,1249.5652,GOOG
2020-03-11,1249.699951,1252.8718,GOOG
2020-03-12,1126.0,1235.7539,GOOG
2020-03-13,1179.0,1164.0875,GOOG
2020-03-16,1096.0,1174.6067,GOOG
2020-03-17,1093.109985,1130.407,GOOG
2020-03-18,1056.51001,1115.4099,GOOG
2020-03-19,1093.050049,1103.0134,GOOG
2020-03-20,1135.719971,1115.4194,GOOG
2020-03-23,1061.319946,1105.9419,GOOG
2020-03-24,1103.77002,1078.1483,GOOG
2020-03-25,1126.469971,1110.9166,GOOG
2020-03-26,1111.800049,1118.437,GOOG
2020-03-27,1125.670044,1140.1146,GOOG
2020-03-30,1125.040039,1133.086,GOOG
2020-03-31,1147.300049,1137.8108,GOOG
2020-04-01,1122.0,1149.2516,GOOG
2020-04-02,1098.26001,1124.9141,GOOG
2020-04-03,1119.015015,1115.0503,GOOG
2020-04-06,1138.0,1100.99,GOOG
2020-04-07,1221.0,1138.202,GOOG
2020-04-08,1206.5,1173.9214,GOOG
2020-04-09,1224.079956,1200.3438,GOOG
2020-04-13,1209.180054,1208.8398,GOOG
2020-04-14,1245.089966,1210.048,GOOG
2020-04-15,1245.609985,1237.6882,GOOG
2020-04-16,1274.099976,1251.8997,GOOG
2020-04-17,1284.849976,1252.9792,GOOG
2020-04-20,1271.0,1262.6484,GOOG
2020-04-21,1247.0,1260.0344,GOOG
2020-04-22,1245.540039,1227.8258,GOOG
2020-04-23,1271.550049,1239.0026,GOOG
2020-04-24,1261.170044,1260.3029,GOOG
2020-04-27,1296.0,1264.6179,GOOG
2020-04-28,1287.930054,1269.6315,GOOG
2020-04-29,1341.459961,1250.4939,GOOG
2020-04-30,1324.880005,1296.4712,GOOG
2020-05-01,1328.5,1329.4926,GOOG
2020-05-04,1308.22998,1330.1677,GOOG
2020-05-05,1337.920044,1322.6593,GOOG
2020-05-06,1361.689941,1333.7323,GOOG
2020-05-07,1365.939941,1339.7839,GOOG
2020-05-08,1383.130005,1353.4694,GOOG
2020-05-11,1378.280029,1370.552,GOOG
2020-05-12,1407.119995,1381.3462,GOOG
2020-05-13,1377.050049,1375.6504,GOOG
2020-05-14,1335.02002,1353.8706,GOOG
2020-05-15,1350.0,1343.204,GOOG
2020-05-18,1361.75,1348.264,GOOG
2020-05-19,1386.996948,1359.7258,GOOG
2020-05-20,1389.579956,1367.9229,GOOG
2020-05-21,1408.0,1386.2507,GOOG
2020-05-22,1396.709961,1395.1958,GOOG
2020-05-26,1437.27002,1400.4817,GOOG
2020-05-27,1417.25,1409.263,GOOG
2020-05-28,1396.859985,1408.7273,GOOG
2020-05-29,1416.939941,1406.627,GOOG
