Date,Real,Pred
2015-06-25,32.215,32.109886
2015-06-26,31.9175,32.122242
2015-06-29,31.365,32.07796
2015-06-30,31.3925,31.977932
2015-07-01,31.725,31.974617
2015-07-02,31.6075,31.860603
2015-07-06,31.235000999999997,31.798817
2015-07-07,31.472499999999997,31.859425
2015-07-08,31.120000999999995,31.838276
2015-07-09,30.9625,31.64933
2015-07-10,30.485001,31.565744
2015-07-13,31.2575,31.47617
2015-07-14,31.510000000000005,31.55088
2015-07-15,31.43,31.423992
2015-07-16,31.934999000000005,31.532722
2015-07-17,32.27,31.535337
2015-07-20,32.7425,31.616718
2015-07-21,33.212502,31.732803
2015-07-22,30.497499,32.030174
2015-07-23,31.549999,32.14031
2015-07-24,31.33,32.129562
2015-07-27,30.772498999999996,32.20601
2015-07-28,30.844999,32.079964
2015-07-29,30.7875,31.759554
2015-07-30,30.58,31.560284
2015-07-31,30.65,31.389658
2015-08-03,30.375,31.353949
2015-08-04,29.355,31.207119
2015-08-05,28.237499,30.991917
2015-08-06,28.9925,30.710442
2015-08-07,28.645,30.607994
2015-08-10,29.1325,30.326859
2015-08-11,29.452499,30.227959
2015-08-12,28.1325,29.858723
2015-08-13,29.01,29.969769
2015-08-14,28.58,29.715294
2015-08-17,29.01,29.76794
2015-08-18,29.1075,29.68634
2015-08-19,29.025,29.430363
2015-08-20,28.52,29.41542
2015-08-21,27.6075,29.193316
2015-08-24,23.717501,28.999878
2015-08-25,27.7775,28.421005
2015-08-26,26.772499,28.217524
2015-08-27,28.057501,28.089397
2015-08-28,28.0425,28.086496
2015-08-31,28.0075,28.12872
2015-09-01,27.5375,28.04972
2015-09-02,27.557501,28.165585
2015-09-03,28.122499,27.923424
2015-09-04,27.2425,28.014917
2015-09-08,27.9375,27.870867
2015-09-09,28.440001,27.888027
2015-09-10,27.567499,27.874401
2015-09-11,27.9475,27.9794
2015-09-14,29.145,27.89024
2015-09-15,28.9825,28.089367
2015-09-16,29.0625,28.076397
2015-09-17,28.915001,28.19479
2015-09-18,28.0525,28.490509
2015-09-21,28.4175,28.613987
2015-09-22,28.344999,28.622004
2015-09-23,28.407499,28.685188
2015-09-24,28.3125,28.856262
2015-09-25,29.110001,28.74313
2015-09-28,28.4625,28.722088
2015-09-29,28.2075,28.671722
2015-09-30,27.5425,28.76043
2015-10-01,27.2675,28.647362
2015-10-02,27.002501,28.425058
2015-10-05,27.469999,28.323921
2015-10-06,27.657499,28.338104
2015-10-07,27.934999,28.129084
2015-10-08,27.547501,28.062807
2015-10-09,27.5,28.000042
2015-10-12,28.182501,28.033245
2015-10-13,27.705,28.104431
2015-10-14,27.8225,28.066113
2015-10-15,27.7325,28.128094
2015-10-16,27.945,27.998379
2015-10-19,27.700001,28.04101
2015-10-20,27.834999,27.963812
2015-10-21,28.5,28.084763
2015-10-22,28.5825,28.09058
2015-10-23,29.174999,28.284454
2015-10-26,29.52,28.467491
2015-10-27,28.85,28.66182
2015-10-28,29.2325,28.74613
2015-10-29,29.674999,28.836845
2015-10-30,30.247499,29.233192
2015-11-02,30.200001,29.371092
2015-11-03,30.1975,29.623447
2015-11-04,30.782499,29.70501
2015-11-05,30.4625,29.935493
2015-11-06,30.2775,29.882425
2015-11-09,30.24,30.091137
2015-11-10,29.225,30.110489
2015-11-11,29.092501,30.098936
2015-11-12,29.065001,30.076414
2015-11-13,28.799999,29.981293
2015-11-16,27.844999,29.79123
2015-11-17,28.73,29.581783
2015-11-18,28.940001,29.391405
2015-11-19,29.41,29.442226
2015-11-20,29.799999,29.490742
2015-11-23,29.817499,29.606274
2015-11-24,29.3325,29.629005
2015-11-25,29.8025,29.674255
2015-11-27,29.5725,29.710468
2015-11-30,29.497499,29.762497
2015-12-01,29.6875,29.753244
2015-12-02,29.334999,29.727257
2015-12-03,29.137501,29.785118
2015-12-04,28.8225,29.611038
2015-12-07,29.745001,29.717648
2015-12-08,29.379999,29.689053
2015-12-09,29.41,29.74803
2015-12-10,29.01,29.79113
2015-12-11,28.797501,29.791656
2015-12-14,28.045,29.672806
2015-12-15,27.985001,29.440567
2015-12-16,27.7675,29.446497
2015-12-17,28.004999,29.269451
2015-12-18,27.227501,28.978203
2015-12-21,26.82,28.91832
2015-12-22,26.85,28.757984
2015-12-23,26.817499,28.573273
2015-12-24,27.25,28.265663
2015-12-28,26.897499,28.21724
2015-12-29,26.74,27.965925
2015-12-30,27.145,27.798649
2015-12-31,26.752501,27.79522
2016-01-04,25.6525,27.708244
2016-01-05,26.4375,27.468616
2016-01-06,25.139999,27.316576
2016-01-07,24.67,27.193213
2016-01-08,24.637501,26.840755
2016-01-11,24.7425,26.48429
2016-01-12,25.137501,26.290169
2016-01-13,25.08,26.228287
2016-01-14,24.49,26.109386
2016-01-15,24.049999,25.989628
2016-01-19,24.602501,25.853752
2016-01-20,23.775,25.692486
2016-01-21,24.264999,25.562338
2016-01-22,24.657499,25.43213
2016-01-25,25.379999,25.206833
2016-01-26,24.9825,25.204956
2016-01-27,24.01,25.254087
2016-01-28,23.4475,25.176529
2016-01-29,23.6975,25.129574
2016-02-01,24.1175,25.20113
2016-02-02,23.855,25.133018
2016-02-03,23.75,25.000809
2016-02-04,23.965,24.757233
2016-02-05,24.129999,24.49596
2016-02-08,23.282499,24.543608
2016-02-09,23.5725,24.487955
2016-02-10,23.98,24.402863
2016-02-11,23.4475,24.362984
2016-02-12,23.547501,24.267653
2016-02-16,23.754999,24.301157
2016-02-17,24.1675,24.092175
2016-02-18,24.709999,24.183395
2016-02-19,24.0,24.368996
2016-02-22,24.077499,24.416853
2016-02-23,24.1,24.481806
2016-02-24,23.495001,24.549755
2016-02-25,24.012501,24.540508
2016-02-26,24.299999,24.595798
2016-02-29,24.215,24.57101
2016-03-01,24.4125,24.63351
2016-03-02,25.127501,24.734074
2016-03-03,25.145,24.88905
2016-03-04,25.592501,25.082771
2016-03-07,25.5975,25.23559
2016-03-08,25.195,25.42784
2016-03-09,25.327499,25.555449
2016-03-10,25.352501,25.621288
2016-03-11,25.559999,25.72086
2016-03-14,25.477501,25.790794
2016-03-15,25.99,25.800941
2016-03-16,26.1525,26.001846
2016-03-17,26.379999,26.105354
2016-03-18,26.584999,26.22066
2016-03-21,26.4825,26.317102
2016-03-22,26.3125,26.533125
2016-03-23,26.620001,26.578197
2016-03-24,26.3675,26.665356
2016-03-28,26.5,26.756315
2016-03-29,26.2225,26.85468
2016-03-30,27.1625,26.854357
2016-03-31,27.43,26.949518
2016-04-01,27.195,27.211407
2016-04-04,27.605,27.319738
2016-04-05,27.377501,27.41895
2016-04-06,27.557501,27.495087
2016-04-07,27.487499,27.627947
2016-04-08,27.227501,27.645924
2016-04-11,27.2425,27.749567
2016-04-12,27.334999,27.761396
2016-04-13,27.700001,27.754444
2016-04-14,27.905001,27.885475
2016-04-15,28.0275,27.978432
2016-04-18,27.2225,28.031174
2016-04-19,26.969999,28.006498
2016-04-20,26.66,28.0708
2016-04-21,26.7325,28.002035
2016-04-22,26.252501,27.884436
2016-04-25,26.25,27.700489
2016-04-26,25.977501,27.626236
2016-04-27,24.0,27.461792
2016-04-28,24.4025,27.363644
2016-04-29,23.497499,27.073868
2016-05-02,23.4925,26.783096
2016-05-03,23.549999,26.356571
2016-05-04,23.799999,26.049023
2016-05-05,23.5,25.61765
2016-05-06,23.342501,25.287907
2016-05-09,23.25,25.09143
2016-05-10,23.3325,24.86781
2016-05-11,23.370001,24.562277
2016-05-12,23.18,24.396978
2016-05-13,22.5,24.427584
2016-05-16,23.0975,24.251713
2016-05-17,23.637501,24.100445
2016-05-18,23.540001,23.97597
2016-05-19,23.66,24.132814
2016-05-20,23.66,23.973429
2016-05-23,23.967501,23.986464
2016-05-24,24.305,24.166117
2016-05-25,24.6675,24.388575
2016-05-26,24.92,24.555077
2016-05-27,24.860001,24.689745
2016-05-31,24.9,24.91388
2016-01-29,23.6975,24.329166
2016-02-01,24.1175,24.43241
2016-02-02,23.855,24.369167
2016-02-03,23.75,24.26062
2016-02-04,23.965,24.0542
2016-02-05,24.129999,24.139599
2016-02-08,23.282499,23.989681
2016-02-09,23.5725,23.755358
2016-02-10,23.98,23.628124
2016-02-11,23.4475,23.477852
2016-02-12,23.547501,23.493076
2016-02-16,23.754999,23.253279
2016-02-17,24.1675,23.664614
2016-02-18,24.709999,23.929146
2016-02-19,24.0,24.334545
2016-02-22,24.077499,23.959557
2016-02-23,24.1,24.046923
2016-02-24,23.495001,23.900158
2016-02-25,24.012501,23.896967
2016-02-26,24.299999,23.83606
2016-02-29,24.215,23.906986
2016-03-01,24.4125,23.970844
2016-03-02,25.127501,24.461592
2016-03-03,25.145,24.602692
2016-03-04,25.592501,24.925585
2016-03-07,25.5975,25.129166
2016-03-08,25.195,25.358423
2016-03-09,25.327499,25.248755
2016-03-10,25.352501,25.171207
2016-03-11,25.559999,25.226603
2016-03-14,25.477501,25.309845
2016-03-15,25.99,25.312626
2016-03-16,26.1525,25.67387
2016-03-17,26.379999,25.922438
2016-03-18,26.584999,26.257767
2016-03-21,26.4825,26.092607
2016-03-22,26.3125,26.285107
2016-03-23,26.620001,26.382765
2016-03-24,26.3675,26.508623
2016-03-28,26.5,26.42131
2016-03-29,26.2225,26.343386
2016-03-30,27.1625,26.699451
2016-03-31,27.43,27.102274
2016-04-01,27.195,27.302103
2016-04-04,27.605,27.28937
2016-04-05,27.377501,27.538551
2016-04-06,27.557501,27.628128
2016-04-07,27.487499,27.598026
2016-04-08,27.227501,27.503832
2016-04-11,27.2425,27.358105
2016-04-12,27.334999,27.42556
2016-04-13,27.700001,27.501173
2016-04-14,27.905001,27.728966
2016-04-15,28.0275,27.832272
2016-04-18,27.2225,27.958809
2016-04-19,26.969999,27.478367
2016-04-20,26.66,27.357256
2016-04-21,26.7325,27.119917
2016-04-22,26.252501,27.105938
2016-04-25,26.25,26.738537
2016-04-26,25.977501,26.639664
2016-04-27,24.0,26.583101
2016-04-28,24.4025,26.43148
2016-04-29,23.497499,25.559566
2016-05-02,23.4925,25.214739
2016-05-03,23.549999,24.731932
2016-05-04,23.799999,24.668352
2016-05-05,23.5,24.312819
2016-05-06,23.342501,24.229565
2016-05-09,23.25,23.97612
2016-05-10,23.3325,23.806217
2016-05-11,23.370001,23.566004
2016-05-12,23.18,23.368193
2016-05-13,22.5,23.237457
2016-05-16,23.0975,22.759115
2016-05-17,23.637501,23.072886
2016-05-18,23.540001,23.111288
2016-05-19,23.66,23.344862
2016-05-20,23.66,23.279488
2016-05-23,23.967501,23.428179
2016-05-24,24.305,23.676159
2016-05-25,24.6675,23.869505
2016-05-26,24.92,24.114317
2016-05-27,24.860001,24.380997
2016-05-31,24.9,24.523092
2016-06-01,24.754999,24.527473
2016-06-02,24.4,24.518232
2016-06-03,24.4475,24.438799
2016-06-06,24.497499,24.42997
2016-06-07,24.8125,24.399889
2016-06-08,24.754999,24.51756
2016-06-09,24.625,24.555202
2016-06-10,24.6325,24.497938
2016-06-13,24.672501,24.47492
2016-06-14,24.33,24.466433
2016-06-15,24.455,24.305443
2016-06-16,24.112499,24.233044
2016-06-17,24.155001,24.218287
2016-06-20,24.0,24.226326
2016-06-21,23.735001,23.980425
2016-06-22,24.0625,24.036901
2016-06-23,23.985001,24.00263
2016-06-24,23.227501,23.985918
2016-06-27,23.25,23.959995
2016-06-28,23.225,23.57304
2016-06-29,23.4925,23.616528
2016-06-30,23.610001,23.652758
2016-07-01,23.872499,23.662767
2016-07-05,23.8475,23.672195
2016-07-06,23.65,23.717524
2016-07-07,23.924999,23.702936
2016-07-08,24.122499,23.726341
2016-07-11,24.1875,23.71866
2016-07-12,24.2925,23.833773
2016-07-13,24.352501,23.815598
2016-07-14,24.3475,23.845863
2016-07-15,24.73,24.067255
2016-07-18,24.674999,24.15228
2016-07-19,24.889999,24.397827
2016-07-20,25.0,24.500576
2016-07-21,24.9575,24.54164
2016-07-22,24.815001,24.607967
2016-07-25,24.5625,24.575256
2016-07-26,24.205,24.525393
2016-07-27,26.067499,24.468647
2016-07-28,25.7075,25.23735
2016-07-29,26.047501,25.52718
2016-08-01,26.102501,26.14227
2016-08-02,26.512501,25.998499
2016-08-03,26.202499,26.361729
2016-08-04,26.395,26.277065
2016-08-05,26.567499,26.446695
2016-08-08,26.879999,26.574022
2016-08-09,27.057501,26.68788
2016-08-10,27.1775,26.783886
2016-08-11,27.129999,26.75745
2016-08-12,26.945,26.666132
2016-08-15,27.035,26.690046
2016-08-16,27.407499,26.836365
2016-08-17,27.275,26.98271
2016-08-18,27.307501,27.132202
2016-08-19,27.192499,27.117018
2016-08-22,27.215,27.15571
2016-08-23,27.147499,27.092163
2016-08-24,27.1425,27.079906
2016-08-25,26.8475,27.052534
2016-08-26,26.852501,26.898043
2016-08-29,26.655001,26.820612
2016-08-30,26.450001,26.748295
2016-08-31,26.415001,26.66858
2016-09-01,26.535,26.565771
2016-09-02,26.924999,26.626892
2016-09-06,26.975,26.708744
2016-09-07,26.9575,26.761116
2016-09-08,26.8125,26.868309
2016-09-09,26.16,26.861519
2016-09-12,25.6625,26.617985
2016-09-13,26.877501,26.589825
2016-09-14,27.182501,27.052647
2016-09-15,28.465,27.672668
2016-09-16,28.780001,28.041449
2016-09-19,28.797501,28.660458
2016-09-20,28.262501,28.622746
2016-09-21,28.4625,28.410572
2016-09-22,28.5875,28.451809
2016-09-23,28.605,28.564974
2016-09-26,27.91,28.531609
2016-09-27,28.25,28.186317
2016-09-28,28.422501,28.048695
2016-09-29,28.290001,28.09337
2016-09-30,28.115,27.98693
2016-10-03,28.1775,27.764269
2016-10-04,28.264999,27.808947
2016-10-05,28.35,27.841959
2016-10-06,28.424999,27.954353
2016-10-07,28.577499,27.964659
2016-10-10,28.754999,28.14402
2016-10-11,29.424999,28.547894
2016-10-12,29.3375,28.79346
2016-10-13,29.1975,29.015623
2016-10-14,29.469999,29.151726
2016-10-17,29.3325,29.162014
2016-10-18,29.545,29.273327
2016-10-19,29.3125,29.259363
2016-10-20,29.215,29.201832
2016-10-21,29.202499,29.157326
2016-10-24,29.275,29.118961
2016-10-25,29.487499,29.164848
2016-10-26,28.577499,29.253239
2016-10-27,28.8475,29.200443
2016-10-28,28.467501,28.96659
2016-10-31,28.4125,28.735596
2016-11-01,28.365,28.750992
2016-11-02,27.85,28.483501
2016-11-03,27.745001,28.316666
2016-11-04,27.1325,28.176647
2016-11-07,27.52,27.859846
2016-11-08,27.577499,27.843859
2016-11-09,27.469999,27.761078
2016-11-10,27.772499,27.747784
2016-11-11,26.780001,27.521809
2016-11-14,26.9275,27.40377
2016-11-15,26.6425,27.208078
2016-11-16,26.674999,27.076296
2016-11-17,27.452499,27.367334
2016-11-18,27.43,27.473906
2016-11-21,27.530001,27.695381
2016-11-22,27.987499,27.717361
2016-11-23,27.84,27.790787
2016-11-25,27.782499,27.798973
2016-11-28,27.8575,27.604908
2016-11-29,27.695,27.715073
2016-11-30,27.9,27.646828
2016-12-01,27.592501,27.617064
2016-12-02,27.2925,27.298054
2016-12-05,27.5,27.40841
2016-12-06,27.375,27.23971
2016-12-07,27.315001,27.393984
2016-12-08,27.715,27.420622
2016-12-09,28.077499,27.7117
2016-12-12,28.3225,28.075989
2016-12-13,28.459999,28.262215
2016-12-14,28.76,28.395243
2016-12-15,28.844999,28.56517
2016-12-16,29.1175,28.76588
2016-12-19,28.950001,28.78984
2016-12-20,29.184999,28.953243
2016-12-21,29.200001,28.956467
2016-12-22,29.0875,29.037441
2016-12-23,28.897499,29.041447
2016-12-27,29.129999,28.974823
2016-12-28,29.379999,29.057209
2016-12-29,29.112499,29.025059
2016-12-30,29.1625,28.958946
2016-06-27,23.25,24.133091
2016-06-28,23.225,23.604128
2016-06-29,23.4925,23.448938
2016-06-30,23.610001,24.000635
2016-07-01,23.872499,23.955454
2016-07-05,23.8475,24.243837
2016-07-06,23.65,24.063988
2016-07-07,23.924999,24.145498
2016-07-08,24.122499,24.168491
2016-07-11,24.1875,24.278736
2016-07-12,24.2925,24.186487
2016-07-13,24.352501,24.27968
2016-07-14,24.3475,24.233047
2016-07-15,24.73,24.477411
2016-07-18,24.674999,24.673365
2016-07-19,24.889999,24.760347
2016-07-20,25.0,24.813494
2016-07-21,24.9575,24.85327
2016-07-22,24.815001,24.798027
2016-07-25,24.5625,24.725079
2016-07-26,24.205,24.528656
2016-07-27,26.067499,24.437534
2016-07-28,25.7075,25.119572
2016-07-29,26.047501,25.794811
2016-08-01,26.102501,26.313347
2016-08-02,26.512501,26.243296
2016-08-03,26.202499,26.131115
2016-08-04,26.395,26.02271
2016-08-05,26.567499,26.150822
2016-08-08,26.879999,26.38139
2016-08-09,27.057501,26.469337
2016-08-10,27.1775,26.79084
2016-08-11,27.129999,26.661528
2016-08-12,26.945,26.575222
2016-08-15,27.035,26.530005
2016-08-16,27.407499,26.616467
2016-08-17,27.275,26.832611
2016-08-18,27.307501,26.833614
2016-08-19,27.192499,26.843319
2016-08-22,27.215,26.881472
2016-08-23,27.147499,26.670918
2016-08-24,27.1425,26.652775
2016-08-25,26.8475,26.59364
2016-08-26,26.852501,26.4044
2016-08-29,26.655001,26.321424
2016-08-30,26.450001,26.254381
2016-08-31,26.415001,26.211737
2016-09-01,26.535,26.159267
2016-09-02,26.924999,26.217949
2016-09-06,26.975,26.286276
2016-09-07,26.9575,26.441576
2016-09-08,26.8125,26.527113
2016-09-09,26.16,26.269354
2016-09-12,25.6625,26.037687
2016-09-13,26.877501,25.799952
2016-09-14,27.182501,26.799461
2016-09-15,28.465,27.644775
2016-09-16,28.780001,28.525211
2016-09-19,28.797501,29.13683
2016-09-20,28.262501,28.977715
2016-09-21,28.4625,28.646452
2016-09-22,28.5875,28.537561
2016-09-23,28.605,28.666084
2016-09-26,27.91,28.559431
2016-09-27,28.25,28.28633
2016-09-28,28.422501,28.191774
2016-09-29,28.290001,28.502886
2016-09-30,28.115,28.080837
2016-10-03,28.1775,28.079735
2016-10-04,28.264999,27.962648
2016-10-05,28.35,28.20922
2016-10-06,28.424999,27.992435
2016-10-07,28.577499,28.06668
2016-10-10,28.754999,28.048843
2016-10-11,29.424999,28.30015
2016-10-12,29.3375,28.739
2016-10-13,29.1975,29.022099
2016-10-14,29.469999,29.148827
2016-10-17,29.3325,29.105368
2016-10-18,29.545,29.295935
2016-10-19,29.3125,29.291607
2016-10-20,29.215,28.978058
2016-10-21,29.202499,28.934475
2016-10-24,29.275,28.958517
2016-10-25,29.487499,29.070137
2016-10-26,28.577499,29.316994
2016-10-27,28.8475,29.015411
2016-10-28,28.467501,29.085146
2016-10-31,28.4125,28.7153
2016-11-01,28.365,28.793962
2016-11-02,27.85,28.338116
2016-11-03,27.745001,28.073019
2016-11-04,27.1325,27.767773
2016-11-07,27.52,27.540794
2016-11-08,27.577499,27.441217
2016-11-09,27.469999,27.582878
2016-11-10,27.772499,27.67102
2016-11-11,26.780001,27.028463
2016-11-14,26.9275,26.768406
2016-11-15,26.6425,26.926315
2016-11-16,26.674999,26.509832
2016-11-17,27.452499,27.066486
2016-11-18,27.43,27.262941
2016-11-21,27.530001,27.658716
2016-11-22,27.987499,27.714346
2016-11-23,27.84,27.7595
2016-11-25,27.782499,27.601841
2016-11-28,27.8575,27.484955
2016-11-29,27.695,27.529598
2016-11-30,27.9,27.438923
2016-12-01,27.592501,27.498995
2016-12-02,27.2925,27.179413
2016-12-05,27.5,27.114708
2016-12-06,27.375,27.118332
2016-12-07,27.315001,27.082603
2016-12-08,27.715,27.266367
2016-12-09,28.077499,27.60591
2016-12-12,28.3225,27.974493
2016-12-13,28.459999,28.158201
2016-12-14,28.76,28.228683
2016-12-15,28.844999,28.52595
2016-12-16,29.1175,28.68211
2016-12-19,28.950001,28.805525
2016-12-20,29.184999,28.91346
2016-12-21,29.200001,29.060863
2016-12-22,29.0875,29.066662
2016-12-23,28.897499,28.998226
2016-12-27,29.129999,28.872103
2016-12-28,29.379999,28.923717
2016-12-29,29.112499,28.832874
2016-12-30,29.1625,28.787302
2017-01-03,28.950001,28.682524
2017-01-04,28.9625,28.544748
2017-01-05,28.98,28.508316
2017-01-06,29.195,28.78775
2017-01-09,29.487499,29.021011
2017-01-10,29.692499,29.392265
2017-01-11,29.684999,29.606216
2017-01-12,29.725,29.73035
2017-01-13,29.7775,29.699175
2017-01-17,29.584999,29.712112
2017-01-18,30.0,29.77387
2017-01-19,29.85,29.895412
2017-01-20,30.112499,29.969292
2017-01-23,30.0,29.913074
2017-01-24,29.887501,29.975555
2017-01-25,30.105,29.92395
2017-01-26,30.4175,30.228212
2017-01-27,30.535,30.366436
2017-01-30,30.2325,30.543842
2017-01-31,30.2875,30.349302
2017-02-01,31.7575,30.440517
2017-02-02,31.995001,31.660595
2017-02-03,32.077499,32.253216
2017-02-06,32.282501,32.779274
2017-02-07,32.634998,32.469788
2017-02-08,32.837502,32.96496
2017-02-09,32.912498,32.96122
2017-02-10,33.115002,33.25531
2017-02-13,33.27,32.892612
2017-02-14,33.3675,33.088142
2017-02-15,33.880001,33.494926
2017-02-16,33.9175,33.653366
2017-02-17,33.775002,33.844044
2017-02-21,34.057499,33.830807
2017-02-22,34.107498,34.067223
2017-02-23,34.345001,34.13502
2017-02-24,33.977501,34.177612
2017-02-27,34.285,34.01516
2017-02-28,34.27,33.992897
2017-03-01,34.4725,34.002655
2017-03-02,35.0,34.47423
2017-03-03,34.695,34.536716
2017-03-06,34.842499,34.782383
2017-03-07,34.764999,34.64981
2017-03-08,34.737499,34.722282
2017-03-09,34.685001,34.60774
2017-03-10,34.8125,34.512474
2017-03-13,34.712502,34.415527
2017-03-14,34.825001,34.53261
2017-03-15,34.852501,34.5585
2017-03-16,35.18,34.718433
2017-03-17,35.25,34.86147
2017-03-20,35.099998,34.972755
2017-03-21,35.5275,35.12004
2017-03-22,34.962502,35.134384
2017-03-23,35.314999,35.17514
2017-03-24,35.375,35.11019
2017-03-27,34.8475,34.948864
2017-03-28,35.227501,34.999653
2017-03-29,35.919998,35.356262
2017-03-30,36.047501,35.847633
2017-03-31,35.93,36.01294
2017-04-03,35.927502,35.809486
2017-04-04,35.8125,35.716015
2017-04-05,36.055,35.866867
2017-04-06,36.072498,35.89538
2017-04-07,35.932499,35.82337
2017-04-10,35.900002,35.70381
2017-04-11,35.735001,35.60246
2017-04-12,35.400002,35.336136
2017-04-13,35.477501,35.174397
2017-04-17,35.369999,35.099133
2017-04-18,35.352501,35.193287
2017-04-19,35.470001,35.11021
2017-04-20,35.305,35.03458
2017-04-21,35.610001,35.180687
2017-04-24,35.875,35.275505
2017-04-25,35.977501,35.430405
2017-04-26,36.1175,35.69429
2017-04-27,35.98,35.641106
2017-04-28,36.022499,35.624226
2017-05-01,36.275002,35.561928
2017-05-02,36.884998,36.061577
2017-05-03,36.397499,36.414993
2017-05-04,36.630001,36.611324
2017-05-05,36.689999,36.477562
2017-05-08,37.2575,36.654716
2017-05-09,38.467499,37.73598
2017-05-10,38.407501,37.96237
2017-05-11,38.112499,38.46885
2017-05-12,38.674999,37.95946
2017-05-15,39.002499,38.613533
2017-05-16,38.985001,38.49573
2017-05-17,38.400002,38.63069
2017-05-18,37.817501,37.765175
2017-05-19,38.345001,37.61538
2017-05-22,38.5,37.634026
2017-05-23,38.724998,37.899498
2017-05-24,38.459999,37.773766
2017-05-25,38.432499,37.845936
2017-05-26,38.5,37.856934
2017-05-30,38.355,38.046295
2017-05-31,38.4925,37.929867
2017-01-30,30.2325,30.358273
2017-01-31,30.2875,30.181305
2017-02-01,31.7575,30.310493
2017-02-02,31.995001,31.73388
2017-02-03,32.077499,31.961916
2017-02-06,32.282501,32.448456
2017-02-07,32.634998,32.149406
2017-02-08,32.837502,32.668434
2017-02-09,32.912498,32.587532
2017-02-10,33.115002,32.95039
2017-02-13,33.27,32.695217
2017-02-14,33.3675,32.897552
2017-02-15,33.880001,33.204388
2017-02-16,33.9175,33.43402
2017-02-17,33.775002,33.532536
2017-02-21,34.057499,33.549618
2017-02-22,34.107498,33.76572
2017-02-23,34.345001,33.8692
2017-02-24,33.977501,34.1044
2017-02-27,34.285,33.911808
2017-02-28,34.27,33.972507
2017-03-01,34.4725,33.847866
2017-03-02,35.0,34.484703
2017-03-03,34.695,34.54656
2017-03-06,34.842499,34.652393
2017-03-07,34.764999,34.587837
2017-03-08,34.737499,34.55928
2017-03-09,34.685001,34.559086
2017-03-10,34.8125,34.57105
2017-03-13,34.712502,34.498806
2017-03-14,34.825001,34.62731
2017-03-15,34.852501,34.559635
2017-03-16,35.18,34.795227
2017-03-17,35.25,34.87604
2017-03-20,35.099998,35.043976
2017-03-21,35.5275,35.15003
2017-03-22,34.962502,35.257088
2017-03-23,35.314999,35.21112
2017-03-24,35.375,35.315975
2017-03-27,34.8475,35.114243
2017-03-28,35.227501,35.125122
2017-03-29,35.919998,35.633747
2017-03-30,36.047501,35.74944
2017-03-31,35.93,36.06619
2017-04-03,35.927502,35.74676
2017-04-04,35.8125,35.809204
2017-04-05,36.055,35.944485
2017-04-06,36.072498,36.028503
2017-04-07,35.932499,35.9932
2017-04-10,35.900002,35.805183
2017-04-11,35.735001,35.713078
2017-04-12,35.400002,35.55233
2017-04-13,35.477501,35.326424
2017-04-17,35.369999,35.3482
2017-04-18,35.352501,35.29469
2017-04-19,35.470001,35.257843
2017-04-20,35.305,35.17392
2017-04-21,35.610001,35.449142
2017-04-24,35.875,35.47005
2017-04-25,35.977501,35.642677
2017-04-26,36.1175,35.836197
2017-04-27,35.98,35.937325
2017-04-28,36.022499,35.673252
2017-05-01,36.275002,35.77168
2017-05-02,36.884998,36.27584
2017-05-03,36.397499,36.506042
2017-05-04,36.630001,36.879913
2017-05-05,36.689999,36.60244
2017-05-08,37.2575,37.05919
2017-05-09,38.467499,37.893967
2017-05-10,38.407501,38.310917
2017-05-11,38.112499,38.677822
2017-05-12,38.674999,38.286434
2017-05-15,39.002499,38.923088
2017-05-16,38.985001,38.720654
2017-05-17,38.400002,38.918625
2017-05-18,37.817501,38.54249
2017-05-19,38.345001,38.35572
2017-05-22,38.5,38.38581
2017-05-23,38.724998,38.37752
2017-05-24,38.459999,38.4487
2017-05-25,38.432499,38.267117
2017-05-26,38.5,38.34952
2017-05-30,38.355,38.22007
2017-05-31,38.4925,38.333218
2017-06-01,38.2925,38.313324
2017-06-02,38.395,38.12428
2017-06-05,38.584999,38.613457
2017-06-06,38.474998,38.529907
2017-06-07,38.755001,38.59086
2017-06-08,38.8125,38.713078
2017-06-09,38.797501,38.7576
2017-06-12,36.435001,38.5686
2017-06-13,36.790001,36.963085
2017-06-14,36.875,37.353672
2017-06-15,35.830002,36.451267
2017-06-16,35.945,36.62932
2017-06-19,35.915001,36.047493
2017-06-20,36.717499,36.938522
2017-06-21,36.380001,36.631104
2017-06-22,36.442501,36.58015
2017-06-23,36.282501,36.386982
2017-06-26,36.7925,36.625088
2017-06-27,36.252499,36.619606
2017-06-28,36.122501,36.433735
2017-06-29,36.177502,36.19445
2017-06-30,36.112499,35.997097
2017-07-03,36.220001,35.927795
2017-07-05,35.922501,35.887703
2017-07-06,35.755001,35.804367
2017-07-07,35.724998,35.748077
2017-07-10,36.0275,35.917923
2017-07-11,36.182499,35.98268
2017-07-12,36.467499,36.1289
2017-07-13,36.375,36.210754
2017-07-14,36.9925,36.62213
2017-07-17,37.205002,36.740036
2017-07-18,37.299999,37.060257
2017-07-19,37.619999,37.13458
2017-07-20,37.875,37.2771
2017-07-21,37.497501,37.320393
2017-07-24,37.645,37.196613
2017-07-25,37.950001,37.576355
2017-07-26,38.337502,37.738754
2017-07-27,38.4375,38.00616
2017-07-28,37.4725,38.01764
2017-07-31,37.474998,37.155094
2017-08-01,37.275002,37.34729
2017-08-02,39.82,37.347576
2017-08-03,39.262501,38.514137
2017-08-04,39.017502,38.67861
2017-08-07,39.264999,39.020374
2017-08-08,39.650002,39.212875
2017-08-09,39.814999,39.637367
2017-08-10,39.974998,39.920883
2017-08-11,39.150002,40.18078
2017-08-14,39.830002,39.239674
2017-08-15,40.165001,40.167355
2017-08-16,40.485001,39.8573
2017-08-17,40.130001,40.49016
2017-08-18,39.465,39.954712
2017-08-21,39.375,39.559616
2017-08-22,39.557499,39.215313
2017-08-23,39.767502,39.7847
2017-08-24,40.107498,39.919582
2017-08-25,39.912498,40.228912
2017-08-28,40.035,39.874207
2017-08-29,40.025002,40.352818
2017-08-30,40.950001,40.327442
2017-08-31,40.91,40.7778
2017-09-01,41.200001,40.8272
2017-09-05,40.9375,40.95667
2017-09-06,40.677502,40.656227
2017-09-07,40.522499,40.174015
2017-09-08,40.215,40.124878
2017-09-11,40.125,39.89097
2017-09-12,40.6525,40.20765
2017-09-13,39.967499,40.104614
2017-09-14,39.747501,40.05396
2017-09-15,39.6175,39.782806
2017-09-18,40.0275,40.107647
2017-09-19,39.877499,39.954353
2017-09-20,39.474998,39.881496
2017-09-21,38.950001,39.54297
2017-09-22,37.884998,38.854034
2017-09-25,37.497501,38.451286
2017-09-26,37.945,38.267212
2017-09-27,38.450001,38.593243
2017-09-28,38.4725,38.68592
2017-09-29,38.302502,38.901184
2017-10-02,38.564999,38.41654
2017-10-03,38.502499,38.4808
2017-10-04,38.407501,38.45111
2017-10-05,38.544998,38.509132
2017-10-06,38.7425,38.64884
2017-10-09,38.952499,38.73669
2017-10-10,39.014999,38.74753
2017-10-11,38.9925,38.706303
2017-10-12,39.087502,38.824818
2017-10-13,39.182499,38.83571
2017-10-16,39.474998,38.970917
2017-10-17,39.945,39.582188
2017-10-18,40.105,39.675957
2017-10-19,39.1875,39.936737
2017-10-20,39.1525,39.5716
2017-10-23,39.2225,39.30012
2017-10-24,39.072498,39.191948
2017-10-25,39.227501,39.319904
2017-10-26,39.307499,39.24583
2017-10-27,39.822498,39.236244
2017-10-30,40.9725,40.38993
2017-10-31,41.974998,40.994255
2017-11-01,42.467499,41.855415
2017-11-02,41.650002,41.882603
2017-11-03,43.5,41.517124
2017-11-06,43.092499,42.324356
2017-11-07,43.477501,42.682877
2017-11-08,43.665001000000004,43.2872
2017-11-09,43.7775,43.290924
2017-11-10,43.7775,43.597992
2017-11-13,43.375,43.258156
2017-11-14,43.259998,43.362976
2017-11-15,42.4925,43.21921
2017-11-16,42.794998,42.67247
2017-11-17,42.759998,42.907402
2017-11-20,42.572498,42.666786
2017-11-21,42.695,42.627518
2017-11-22,43.34,43.212494
2017-11-24,43.775002,43.548077
2017-11-27,43.762501,43.905922
2017-11-28,43.575001,43.74463
2017-11-29,43.157501,43.39389
2017-11-30,42.607498,42.9572
2017-12-01,42.487499,42.7772
2017-12-04,43.119999,42.898987
2017-12-05,42.264999,42.747776
2017-12-06,41.875,42.466576
2017-12-07,42.2575,42.407463
2017-12-08,42.622501,42.371033
2017-12-11,42.299999,42.397247
2017-12-12,43.037498,42.99245
2017-12-13,43.125,42.997597
2017-12-14,43.099998,43.12126
2017-12-15,43.407501,42.977272
2017-12-18,43.72000100000001,43.215355
2017-12-19,43.75750000000001,43.77162
2017-12-20,43.717499,44.008522
2017-12-21,43.5425,43.636543
2017-12-22,43.669998,43.827118
2017-12-26,42.700001,43.69537
2017-12-27,42.525002,43.780655
2017-12-28,42.75,43.078247
2017-12-29,42.630001,43.387405
2017-06-27,36.252499,36.488647
2017-06-28,36.122501,36.55053
2017-06-29,36.177502,36.43913
2017-06-30,36.112499,36.346336
2017-07-03,36.220001,36.35849
2017-07-05,35.922501,36.431553
2017-07-06,35.755001,36.21808
2017-07-07,35.724998,36.028183
2017-07-10,36.0275,35.86188
2017-07-11,36.182499,35.88816
2017-07-12,36.467499,35.87704
2017-07-13,36.375,35.96247
2017-07-14,36.9925,35.962765
2017-07-17,37.205002,36.133247
2017-07-18,37.299999,36.358814
2017-07-19,37.619999,36.52753
2017-07-20,37.875,36.672432
2017-07-21,37.497501,36.784702
2017-07-24,37.645,36.93048
2017-07-25,37.950001,37.04751
2017-07-26,38.337502,37.128437
2017-07-27,38.4375,37.35916
2017-07-28,37.4725,37.42729
2017-07-31,37.474998,37.444984
2017-08-01,37.275002,37.435635
2017-08-02,39.82,37.379692
2017-08-03,39.262501,37.61675
2017-08-04,39.017502,37.925816
2017-08-07,39.264999,38.383987
2017-08-08,39.650002,38.456516
2017-08-09,39.814999,38.782627
2017-08-10,39.974998,38.951065
2017-08-11,39.150002,39.224854
2017-08-14,39.830002,39.17651
2017-08-15,40.165001,39.337147
2017-08-16,40.485001,39.353012
2017-08-17,40.130001,39.605537
2017-08-18,39.465,39.624355
2017-08-21,39.375,39.555923
2017-08-22,39.557499,39.46883
2017-08-23,39.767502,39.604267
2017-08-24,40.107498,39.69638
2017-08-25,39.912498,39.692562
2017-08-28,40.035,39.602722
2017-08-29,40.025002,39.631405
2017-08-30,40.950001,39.72814
2017-08-31,40.91,39.929527
2017-09-01,41.200001,40.06225
2017-09-05,40.9375,40.29694
2017-09-06,40.677502,40.360138
2017-09-07,40.522499,40.410885
2017-09-08,40.215,40.38295
2017-09-11,40.125,40.237198
2017-09-12,40.6525,40.14026
2017-09-13,39.967499,40.12366
2017-09-14,39.747501,40.01692
2017-09-15,39.6175,40.24361
2017-09-18,40.0275,40.05117
2017-09-19,39.877499,40.12853
2017-09-20,39.474998,40.073177
2017-09-21,38.950001,40.001762
2017-09-22,37.884998,39.684258
2017-09-25,37.497501,39.462574
2017-09-26,37.945,38.934387
2017-09-27,38.450001,38.831528
2017-09-28,38.4725,38.78547
2017-09-29,38.302502,38.672478
2017-10-02,38.564999,38.56276
2017-10-03,38.502499,38.578133
2017-10-04,38.407501,38.582626
2017-10-05,38.544998,38.490223
2017-10-06,38.7425,38.44967
2017-10-09,38.952499,38.481888
2017-10-10,39.014999,38.581017
2017-10-11,38.9925,38.559517
2017-10-12,39.087502,38.68863
2017-10-13,39.182499,38.670784
2017-10-16,39.474998,38.78728
2017-10-17,39.945,38.887543
2017-10-18,40.105,39.004204
2017-10-19,39.1875,39.184967
2017-10-20,39.1525,39.193172
2017-10-23,39.2225,39.170383
2017-10-24,39.072498,39.156414
2017-10-25,39.227501,39.122242
2017-10-26,39.307499,39.05154
2017-10-27,39.822498,39.02208
2017-10-30,40.9725,39.159065
2017-10-31,41.974998,39.423912
2017-11-01,42.467499,39.931736
2017-11-02,41.650002,40.289074
2017-11-03,43.5,40.562706
2017-11-06,43.092499,41.063858
2017-11-07,43.477501,41.61004
2017-11-08,43.665001,42.204323
2017-11-09,43.7775,42.441246
2017-11-10,43.7775,42.65738
2017-11-13,43.375,42.811813
2017-11-14,43.259998,43.063
2017-11-15,42.4925,43.084198
2017-11-16,42.794998,42.90493
2017-11-17,42.759998,42.925125
2017-11-20,42.572498,43.019005
2017-11-21,42.695,42.964676
2017-11-22,43.34,42.900684
2017-11-24,43.775002,42.875565
2017-11-27,43.762501,43.139996
2017-11-28,43.575001,43.25495
2017-11-29,43.157501,43.212814
2017-11-30,42.607498,43.105843
2017-12-01,42.487499,42.937046
2017-12-04,43.119999,42.89441
2017-12-05,42.264999,42.82023
2017-12-06,41.875,42.729187
2017-12-07,42.2575,42.57621
2017-12-08,42.622501,42.493393
2017-12-11,42.299999,42.384827
2017-12-12,43.037498,42.341484
2017-12-13,43.125,42.402412
2017-12-14,43.099998,42.60292
2017-12-15,43.407501,42.69441
2017-12-18,43.720001,42.77672
2017-12-19,43.7575,42.966927
2017-12-20,43.717499,43.194782
2017-12-21,43.5425,43.28483
2017-12-22,43.669998,43.409103
2017-12-26,42.700001,43.435417
2017-12-27,42.525002,43.44008
2017-12-28,42.75,43.183113
2017-12-29,42.630001,43.140022
2018-01-02,42.540001,42.816303
2018-01-03,43.1325,42.860664
2018-01-04,43.134998,42.771675
2018-01-05,43.360001,42.93183
2018-01-08,43.587502,42.91528
2018-01-09,43.637501,43.044872
2018-01-10,43.290001,43.142517
2018-01-11,43.647499,43.194427
2018-01-12,44.044998,43.239872
2018-01-16,44.474998,43.303745
2018-01-17,44.037498,43.38446
2018-01-18,44.842499,43.515564
2018-01-19,44.6525,43.708763
2018-01-22,44.325001,43.886837
2018-01-23,44.325001,43.980938
2018-01-24,44.3125,44.012253
2018-01-25,43.627499,43.998394
2018-01-26,43.0,43.850567
2018-01-29,42.540001,43.72703
2018-01-30,41.3825,43.393204
2018-01-31,41.717499,43.09154
2018-02-01,41.7925,42.880684
2018-02-02,41.5,42.58728
2018-02-05,39.775002,42.351532
2018-02-06,38.7075,41.663704
2018-02-07,40.772499,41.480537
2018-02-08,40.072498,41.152912
2018-02-09,39.267502,41.209534
2018-02-12,39.625,40.565975
2018-02-13,40.487499,40.553555
2018-02-14,40.759998,40.5878
2018-02-15,42.447498,40.846355
2018-02-16,43.09,40.97798
2018-02-20,43.012501,41.464325
2018-02-21,43.2075,41.92167
2018-02-22,42.950001,42.13028
2018-02-23,43.4175,42.476364
2018-02-26,44.087502,42.68466
2018-02-27,44.775002,43.178642
2018-02-28,44.814999,43.540028
2018-03-01,44.634998,43.705948
2018-03-02,43.200001,43.835293
2018-03-05,43.802502,43.844616
2018-03-06,44.477501,44.0298
2018-03-07,43.735001,44.11448
2018-03-08,43.869999,44.08338
2018-03-09,44.490002,44.0923
2018-03-12,45.072498,44.115074
2018-03-13,45.647499,44.30841
2018-03-14,45.080002,44.402805
2018-03-15,44.625,44.476772
2018-03-16,44.662498,44.566185
2018-03-19,44.330002,44.694206
2018-03-20,43.810001,44.627968
2018-03-21,43.759998,44.56743
2018-03-22,42.5,44.337612
2018-03-23,42.0975,43.927383
2018-03-26,42.017502,43.60184
2018-03-27,43.419998,43.325417
2018-03-28,41.8125,43.018555
2018-03-29,41.952499,42.87519
2018-04-02,41.66,42.702538
2018-04-03,41.91,42.535973
2018-04-04,41.220001,42.438454
2018-04-05,43.145,42.356743
2018-04-06,42.7425,42.38095
2018-04-09,42.470001,42.43692
2018-04-10,43.25,42.503166
2018-04-11,43.057499,42.56694
2018-04-12,43.352501,42.618626
2018-04-13,43.695,42.84553
2018-04-16,43.7575,42.951317
2018-04-17,44.122501,43.10431
2018-04-18,44.452499,43.267044
2018-04-19,43.439999,43.51185
2018-04-20,42.650002,43.660477
2018-04-23,41.7075,43.45054
2018-04-24,41.4175,43.073124
2018-04-25,40.654999,42.866573
2018-04-26,41.029999,42.489838
2018-04-27,41.0,42.233498
2018-04-30,40.532501,41.846596
2018-05-01,41.602501,41.555035
2018-05-02,43.807499,41.422382
2018-05-03,43.970001,41.6859
2018-05-04,44.5625,42.201244
2018-05-07,46.294998,42.805286
2018-05-08,46.247501,43.48897
2018-05-09,46.637501,44.297977
2018-05-10,46.935001,44.821373
2018-05-11,47.372501,45.356117
2018-05-14,47.252499,45.687874
2018-05-15,46.695,46.003387
2018-05-16,46.517502,46.123695
2018-05-17,47.0,46.2986
2018-05-18,46.797501,46.29976
2018-05-21,47.0,46.488533
2018-05-22,47.095001,46.582672
2018-05-23,46.587502,46.7535
2018-05-24,47.192501,46.653755
2018-05-25,47.057499,46.763577
2018-05-29,46.900002,46.840324
2018-05-30,46.93,46.801643
2018-05-31,46.805,46.67233
2018-01-29,42.540001,43.996346
2018-01-30,41.3825,43.72406
2018-01-31,41.717499,43.401466
2018-02-01,41.7925,43.108963
2018-02-02,41.5,42.82376
2018-02-05,39.775002,42.61103
2018-02-06,38.7075,42.27711
2018-02-07,40.772499,41.72012
2018-02-08,40.072498,41.371265
2018-02-09,39.267502,40.943756
2018-02-12,39.625,40.85675
2018-02-13,40.487499,40.680214
2018-02-14,40.759998,40.736572
2018-02-15,42.447498,40.836006
2018-02-16,43.09,41.43296
2018-02-20,43.012501,41.89894
2018-02-21,43.2075,42.136284
2018-02-22,42.950001,42.323326
2018-02-23,43.4175,42.59893
2018-02-26,44.087502,43.151093
2018-02-27,44.775002,43.535202
2018-02-28,44.814999,43.910713
2018-03-01,44.634998,44.17183
2018-03-02,43.200001,44.288017
2018-03-05,43.802502,44.311028
2018-03-06,44.477501,44.281197
2018-03-07,43.735001,44.1712
2018-03-08,43.869999,44.224854
2018-03-09,44.490002,44.299416
2018-03-12,45.072498,44.371994
2018-03-13,45.647499,44.571625
2018-03-14,45.080002,44.667496
2018-03-15,44.625,44.651012
2018-03-16,44.662498,44.69387
2018-03-19,44.330002,44.84291
2018-03-20,43.810001,44.79986
2018-03-21,43.759998,44.649483
2018-03-22,42.5,44.499416
2018-03-23,42.0975,44.348465
2018-03-26,42.017502,44.010345
2018-03-27,43.419998,43.5082
2018-03-28,41.8125,43.26904
2018-03-29,41.952499,42.992405
2018-04-02,41.66,42.924393
2018-04-03,41.91,42.72411
2018-04-04,41.220001,42.50129
2018-04-05,43.145,42.49452
2018-04-06,42.7425,42.602325
2018-04-09,42.470001,42.67812
2018-04-10,43.25,42.640194
2018-04-11,43.057499,42.76803
2018-04-12,43.352501,42.870872
2018-04-13,43.695,43.051987
2018-04-16,43.7575,43.212513
2018-04-17,44.122501,43.48843
2018-04-18,44.452499,43.770752
2018-04-19,43.439999,43.933533
2018-04-20,42.650002,44.01693
2018-04-23,41.7075,43.917553
2018-04-24,41.4175,43.666107
2018-04-25,40.654999,43.102497
2018-04-26,41.029999,42.771088
2018-04-27,41.0,42.405746
2018-04-30,40.532501,42.276875
2018-05-01,41.602501,42.02782
2018-05-02,43.807499,41.97699
2018-05-03,43.970001,42.248398
2018-05-04,44.5625,42.61969
2018-05-07,46.294998,43.25756
2018-05-08,46.247501,43.938396
2018-05-09,46.637501,44.59147
2018-05-10,46.935001,45.065453
2018-05-11,47.372501,45.766106
2018-05-14,47.252499,46.15586
2018-05-15,46.695,46.449257
2018-05-16,46.517502,46.446
2018-05-17,47.0,46.52538
2018-05-18,46.797501,46.571304
2018-05-21,47.0,46.511856
2018-05-22,47.095001,46.6114
2018-05-23,46.587502,46.6988
2018-05-24,47.192501,46.681282
2018-05-25,47.057499,46.796017
2018-05-29,46.900002,46.820885
2018-05-30,46.93,46.7465
2018-05-31,46.805,46.724396
2018-06-01,46.997501,46.706867
2018-06-04,47.91,46.7896
2018-06-05,48.267502,46.91945
2018-06-06,48.407501,47.102356
2018-06-07,48.535,47.303665
2018-06-08,47.7925,47.469994
2018-06-11,47.837502,47.56462
2018-06-12,47.8475,47.5413
2018-06-13,48.105,47.503296
2018-06-14,47.887501,47.538677
2018-06-15,47.5075,47.522583
2018-06-18,46.970001,47.630997
2018-06-19,46.285,47.627644
2018-06-20,46.587502,47.389458
2018-06-21,46.8125,47.22274
2018-06-22,46.529999,47.081085
2018-06-25,45.849998,47.037376
2018-06-26,45.747501,46.740505
2018-06-27,46.307499,46.48021
2018-06-28,46.025002,46.290848
2018-06-29,46.572498,46.243927
2018-07-02,45.955002,46.150314
2018-07-03,46.947498,46.113705
2018-07-05,46.314999,46.120773
2018-07-06,46.355,46.043472
2018-07-09,47.375,46.31868
2018-07-10,47.677502,46.49054
2018-07-11,47.125,46.66237
2018-07-12,47.3825,46.773354
2018-07-13,47.77,46.844784
2018-07-16,47.880001,47.04902
2018-07-17,47.4375,47.116333
2018-07-18,47.945,47.206123
2018-07-19,47.422501,47.267525
2018-07-20,47.945,47.312206
2018-07-23,47.669998,47.381718
2018-07-24,48.112499,47.377472
2018-07-25,48.264999,47.438816
2018-07-26,48.6525,47.540863
2018-07-27,48.747501,47.67685
2018-07-30,47.974998,47.728973
2018-07-31,47.575001,47.719627
2018-08-01,49.782501,47.70665
2018-08-02,50.145,48.153156
2018-08-03,51.7575,48.553963
2018-08-06,52.0,49.03199
2018-08-07,52.330002,49.5019
2018-08-08,51.512501,50.230404
2018-08-09,52.3825,50.501488
2018-08-10,51.84,50.693142
2018-08-13,52.327499,50.699104
2018-08-14,52.540001,50.89099
2018-08-15,52.305,51.132507
2018-08-16,52.9375,51.2742
2018-08-17,53.360001,51.512268
2018-08-20,54.525002,51.790375
2018-08-21,54.200001,52.073692
2018-08-22,53.525002,52.440735
2018-08-23,53.662498,52.64792
2018-08-24,54.150002,52.849113
2018-08-27,54.287498,52.85065
2018-08-28,54.752499,52.93953
2018-08-29,55.037498,53.108456
2018-08-30,55.8125,53.37525
2018-08-31,56.627499,53.801605
2018-09-04,57.102501,54.135216
2018-09-05,57.247501,54.470554
2018-09-06,56.557499,54.726906
2018-09-07,55.462502,55.05224
2018-09-10,55.237499,55.10601
2018-09-11,54.502499,54.97973
2018-09-12,56.235001,54.718357
2018-09-13,55.880001,54.63777
2018-09-14,56.4375,54.692474
2018-09-17,55.537498,54.738743
2018-09-18,54.447498,54.60928
2018-09-19,54.625,54.466576
2018-09-20,55.060001,54.309082
2018-09-21,55.195,54.18979
2018-09-24,54.205002,54.370407
2018-09-25,54.9375,54.34964
2018-09-26,55.25,54.444138
2018-09-27,55.955002,54.513996
2018-09-28,56.197498,54.732807
2018-10-01,56.987499,54.93695
2018-10-02,56.8125,54.965202
2018-10-03,57.512501,55.17829
2018-10-04,57.695,55.56948
2018-10-05,56.99000199999999,55.837128
2018-10-08,55.552502,55.750492
2018-10-09,55.91,55.461205
2018-10-10,56.365002,55.426346
2018-10-11,53.630001,55.24122
2018-10-12,55.105,55.00245
2018-10-15,55.290001,54.797676
2018-10-16,54.732498,54.53408
2018-10-17,55.575001,54.42868
2018-10-18,54.465,54.21255
2018-10-19,54.514999,54.11887
2018-10-22,54.947498,53.96566
2018-10-23,53.9575,53.894913
2018-10-24,55.650002,53.86564
2018-10-25,54.427502,53.911842
2018-10-26,53.974998,53.80637
2018-10-29,54.797501,53.868286
2018-10-30,52.787498,53.732388
2018-10-31,54.220001,53.4477
2018-11-01,54.762501,53.44796
2018-11-02,52.387501,53.5689
2018-11-05,51.075001,53.575554
2018-11-06,50.48,52.952812
2018-11-07,51.4925,52.209587
2018-11-08,52.494999,52.03348
2018-11-09,51.387501,51.95028
2018-11-12,49.75,51.66262
2018-11-13,47.907501,51.368546
2018-11-14,48.474998,50.811356
2018-11-15,47.0975,50.13839
2018-11-16,47.625,49.381115
2018-11-19,47.5,48.89944
2018-11-20,44.592499,48.32439
2018-11-21,44.932499,47.92073
2018-11-23,43.735001,47.26629
2018-11-26,43.560001,46.71776
2018-11-27,42.877499,46.115585
2018-11-28,44.182499,45.518272
2018-11-29,45.665001,45.185257
2018-11-30,45.072498,44.84402
2018-12-03,46.115002,44.83606
2018-12-04,45.237499,45.140854
2018-12-06,42.939999,45.26345
2018-12-07,43.372501,45.067383
2018-12-10,41.25,44.724873
2018-12-11,42.915001,44.3514
2018-12-12,42.599998,44.014435
2018-12-13,42.622501,43.64228
2018-12-14,42.25,43.479813
2018-12-17,41.362499,43.210327
2018-12-18,41.345001,43.000687
2018-12-19,41.5,42.6419
2018-12-20,40.099998,42.28638
2018-12-21,39.215,41.855804
2018-12-24,37.037498,41.39141
2018-12-26,37.075001,40.84697
2018-12-27,38.959999,40.276554
2018-12-28,39.375,40.35366
2018-12-31,39.6325,40.037964
2018-06-27,46.307499,46.29122
2018-06-28,46.025002,46.169403
2018-06-29,46.572498,46.08458
2018-07-02,45.955002,46.07228
2018-07-03,46.947498,46.335472
2018-07-05,46.314999,46.330704
2018-07-06,46.355,46.258247
2018-07-09,47.375,46.69781
2018-07-10,47.677502,46.879036
2018-07-11,47.125,47.185318
2018-07-12,47.3825,47.00798
2018-07-13,47.77,47.060715
2018-07-16,47.880001,47.211693
2018-07-17,47.4375,47.33967
2018-07-18,47.945,47.436375
2018-07-19,47.422501,47.41043
2018-07-20,47.945,47.54502
2018-07-23,47.669998,47.602192
2018-07-24,48.112499,47.53267
2018-07-25,48.264999,47.649902
2018-07-26,48.6525,47.90909
2018-07-27,48.747501,47.979866
2018-07-30,47.974998,48.022026
2018-07-31,47.575001,47.663277
2018-08-01,49.782501,47.657005
2018-08-02,50.145,48.665936
2018-08-03,51.7575,49.40908
2018-08-06,52.0,49.86296
2018-08-07,52.330002,49.61267
2018-08-08,51.512501,50.014618
2018-08-09,52.3825,49.777702
2018-08-10,51.84,50.18609
2018-08-13,52.327499,50.01176
2018-08-14,52.540001,50.247795
2018-08-15,52.305,50.080795
2018-08-16,52.9375,50.34603
2018-08-17,53.360001,50.7303
2018-08-20,54.525002,51.404205
2018-08-21,54.200001,51.861473
2018-08-22,53.525002,52.0446
2018-08-23,53.662498,52.006813
2018-08-24,54.150002,52.13631
2018-08-27,54.287498,52.064484
2018-08-28,54.752499,52.15648
2018-08-29,55.037498,52.3723
2018-08-30,55.8125,52.753418
2018-08-31,56.627499,53.25166
2018-09-04,57.102501,53.845108
2018-09-05,57.247501,54.104782
2018-09-06,56.557499,54.099243
2018-09-07,55.462502,53.90895
2018-09-10,55.237499,53.696728
2018-09-11,54.502499,53.28077
2018-09-12,56.235001,53.211937
2018-09-13,55.880001,53.271538
2018-09-14,56.4375,53.514595
2018-09-17,55.537498,53.431145
2018-09-18,54.447498,53.4403
2018-09-19,54.625,52.921753
2018-09-20,55.060001,52.99694
2018-09-21,55.195,52.916115
2018-09-24,54.205002,53.4533
2018-09-25,54.9375,54.00182
2018-09-26,55.25,53.706394
2018-09-27,55.955002,53.707
2018-09-28,56.197498,53.768414
2018-10-01,56.987499,54.192795
2018-10-02,56.8125,54.210274
2018-10-03,57.512501,54.55002
2018-10-04,57.695,54.809563
2018-10-05,56.990002,54.88896
2018-10-08,55.552502,54.519028
2018-10-09,55.91,54.261017
2018-10-10,56.365002,54.584053
2018-10-11,53.630001,54.40458
2018-10-12,55.105,53.72782
2018-10-15,55.290001,54.00949
2018-10-16,54.732498,53.65948
2018-10-17,55.575001,53.47409
2018-10-18,54.465,53.526863
2018-10-19,54.514999,53.489113
2018-10-22,54.947498,53.214577
2018-10-23,53.9575,53.473038
2018-10-24,55.650002,53.287964
2018-10-25,54.427502,53.207214
2018-10-26,53.974998,52.921127
2018-10-29,54.797501,52.97441
2018-10-30,52.787498,52.490463
2018-10-31,54.220001,52.013317
2018-11-01,54.762501,52.612797
2018-11-02,52.387501,52.84894
2018-11-05,51.075001,53.12071
2018-11-06,50.48,51.833412
2018-11-07,51.4925,51.045925
2018-11-08,52.494999,51.24112
2018-11-09,51.387501,51.425415
2018-11-12,49.75,51.0541
2018-11-13,47.907501,50.271828
2018-11-14,48.474998,49.41734
2018-11-15,47.0975,48.700554
2018-11-16,47.625,48.161217
2018-11-19,47.5,48.252678
2018-11-20,44.592499,47.80999
2018-11-21,44.932499,47.089905
2018-11-23,43.735001,46.15387
2018-11-26,43.560001,45.55507
2018-11-27,42.877499,45.25786
2018-11-28,44.182499,45.51139
2018-11-29,45.665001,45.10582
2018-11-30,45.072498,45.13067
2018-12-03,46.115002,44.789566
2018-12-04,45.237499,44.929634
2018-12-06,42.939999,44.908485
2018-12-07,43.372501,44.703587
2018-12-10,41.25,44.074146
2018-12-11,42.915001,43.593475
2018-12-12,42.599998,43.348392
2018-12-13,42.622501,43.10462
2018-12-14,42.25,42.819675
2018-12-17,41.362499,42.80225
2018-12-18,41.345001,42.360516
2018-12-19,41.5,42.236485
2018-12-20,40.099998,42.053715
2018-12-21,39.215,41.553642
2018-12-24,37.037498,40.89328
2018-12-26,37.075001,40.02735
2018-12-27,38.959999,39.948135
2018-12-28,39.375,40.535233
2018-12-31,39.6325,40.434788
2019-01-02,38.7225,39.990448
2019-01-03,35.994999,40.114227
2019-01-04,36.1325,40.147602
2019-01-07,37.174999,39.19676
2019-01-08,37.389999,38.954525
2019-01-09,37.822498,38.40621
2019-01-10,38.125,38.568256
2019-01-11,38.220001,38.44841
2019-01-14,37.712502,38.722637
2019-01-15,37.567501,38.50299
2019-01-16,38.27,39.085663
2019-01-17,38.549999,39.166473
2019-01-18,39.375,39.4708
2019-01-22,39.102501,39.520275
2019-01-23,38.537498,39.603165
2019-01-24,38.5275,39.070297
2019-01-25,38.869999,39.19137
2019-01-28,38.947498,39.90038
2019-01-29,39.0625,40.278893
2019-01-30,40.8125,40.279095
2019-01-31,41.5275,40.964703
2019-02-01,41.740002,41.57266
2019-02-04,41.852501,41.6866
2019-02-05,43.215,41.817406
2019-02-06,43.662498,42.519722
2019-02-07,43.099998,42.873188
2019-02-08,42.247501,43.031883
2019-02-11,42.762501,42.498096
2019-02-12,42.525002,42.66254
2019-02-13,42.8475,42.651222
2019-02-14,42.427502,42.831497
2019-02-15,42.8125,42.773453
2019-02-19,42.427502,42.9993
2019-02-20,42.797501,43.063732
2019-02-21,42.950001,43.411728
2019-02-22,42.895,43.583717
2019-02-25,43.540001,43.77713
2019-02-26,43.427502,44.020313
2019-02-27,43.302502,44.08106
2019-02-28,43.580002,44.09131
2019-03-01,43.57,44.15286
2019-03-04,43.922501,44.159554
2019-03-05,43.985001,44.135765
2019-03-06,43.6675,44.19808
2019-03-07,43.467499,44.11956
2019-03-08,42.580002,44.004715
2019-03-11,43.872501,43.941303
2019-03-12,45.0,44.512787
2019-03-13,45.5625,45.063007
2019-03-14,45.974998,45.345287
2019-03-15,46.212502,45.20674
2019-03-18,46.450001,45.653477
2019-03-19,47.087502,46.13534
2019-03-20,46.557499,46.353645
2019-03-21,47.505001,46.253197
2019-03-22,48.834999,47.09575
2019-03-25,47.877499,47.389915
2019-03-26,47.915001,47.42875
2019-03-27,47.1875,46.538128
2019-03-28,47.237499,46.84735
2019-03-29,47.4575,46.53981
2019-04-01,47.91,46.95141
2019-04-02,47.772499,46.92665
2019-04-03,48.3125,47.419044
2019-04-04,48.697498,47.489647
2019-04-05,49.112499,47.81186
2019-04-08,49.105,48.035828
2019-04-09,50.080002,48.64866
2019-04-10,49.669998,48.84897
2019-04-11,50.212502,49.339317
2019-04-12,49.799999,48.957047
2019-04-15,49.645,48.99575
2019-04-16,49.865002,49.109028
2019-04-17,49.884998,49.229095
2019-04-18,50.779999,49.625893
2019-04-22,50.7075,49.751617
2019-04-23,51.107498,49.919353
2019-04-24,51.84,50.112385
2019-04-25,51.7075,50.505707
2019-04-26,51.224998,50.667336
2019-04-29,51.099998,50.368973
2019-04-30,50.764999,50.4289
2019-05-01,52.470001,50.308067
2019-05-02,52.459999,50.94963
2019-05-03,52.7225,51.38488
2019-05-06,51.072498,51.421783
2019-05-07,51.470001,51.188137
2019-05-08,50.474998,51.077576
2019-05-09,50.099998,50.73044
2019-05-10,49.355,50.37271
2019-05-13,46.927502,49.831238
2019-05-14,46.602501,49.37835
2019-05-15,46.567501,48.238815
2019-05-16,47.477501,48.246548
2019-05-17,46.732498,47.997097
2019-05-20,45.880001,48.134636
2019-05-21,46.305,47.666748
2019-05-22,46.165001,47.44307
2019-05-23,44.950001,47.25466
2019-05-24,45.049999,46.719353
2019-05-28,44.73,46.17076
2019-05-29,44.105,45.784534
2019-05-30,44.487499,45.559513
2019-05-31,44.057499,45.346157
2019-01-29,39.0625,39.362354
2019-01-30,40.8125,39.46823
2019-01-31,41.5275,40.13985
2019-02-01,41.740002,40.84902
2019-02-04,41.852501,41.466026
2019-02-05,43.215,41.784782
2019-02-06,43.662498,42.783825
2019-02-07,43.099998,43.237137
2019-02-08,42.247501,43.332256
2019-02-11,42.762501,42.893196
2019-02-12,42.525002,43.029106
2019-02-13,42.8475,43.078327
2019-02-14,42.427502,43.28693
2019-02-15,42.8125,43.132675
2019-02-19,42.427502,43.26802
2019-02-20,42.797501,43.363213
2019-02-21,42.950001,43.69632
2019-02-22,42.895,43.692413
2019-02-25,43.540001,43.58129
2019-02-26,43.427502,44.053955
2019-02-27,43.302502,44.014122
2019-02-28,43.580002,44.166435
2019-03-01,43.57,44.054108
2019-03-04,43.922501,44.17876
2019-03-05,43.985001,44.238754
2019-03-06,43.6675,44.439335
2019-03-07,43.467499,44.29387
2019-03-08,42.580002,44.26821
2019-03-11,43.872501,43.971306
2019-03-12,45.0,44.920677
2019-03-13,45.5625,45.2471
2019-03-14,45.974998,46.14267
2019-03-15,46.212502,45.870617
2019-03-18,46.450001,46.61167
2019-03-19,47.087502,46.93003
2019-03-20,46.557499,47.365513
2019-03-21,47.505001,47.09804
2019-03-22,48.834999,47.961815
2019-03-25,47.877499,47.950413
2019-03-26,47.915001,48.141052
2019-03-27,47.1875,47.24788
2019-03-28,47.237499,47.449932
2019-03-29,47.4575,47.637745
2019-04-01,47.91,47.960995
2019-04-02,47.772499,48.025024
2019-04-03,48.3125,48.447025
2019-04-04,48.697498,48.67614
2019-04-05,49.112499,49.2208
2019-04-08,49.105,49.26048
2019-04-09,50.080002,50.0346
2019-04-10,49.669998,50.189274
2019-04-11,50.212502,50.845345
2019-04-12,49.799999,50.35257
2019-04-15,49.645,50.598686
2019-04-16,49.865002,50.396355
2019-04-17,49.884998,50.552727
2019-04-18,50.779999,50.848465
2019-04-22,50.7075,51.171436
2019-04-23,51.107498,51.66261
2019-04-24,51.84,51.836403
2019-04-25,51.7075,52.22949
2019-04-26,51.224998,52.37699
2019-04-29,51.099998,51.887978
2019-04-30,50.764999,51.95491
2019-05-01,52.470001,51.56545
2019-05-02,52.459999,52.086617
2019-05-03,52.7225,52.063736
2019-05-06,51.072498,52.655716
2019-05-07,51.470001,52.81392
2019-05-08,50.474998,52.446022
2019-05-09,50.099998,52.201607
2019-05-10,49.355,51.53044
2019-05-13,46.927502,50.95729
2019-05-14,46.602501,50.007996
2019-05-15,46.567501,48.997635
2019-05-16,47.477501,49.88745
2019-05-17,46.732498,49.242477
2019-05-20,45.880001,49.607407
2019-05-21,46.305,48.795013
2019-05-22,46.165001,48.50702
2019-05-23,44.950001,48.07463
2019-05-24,45.049999,47.552193
2019-05-28,44.73,46.990204
2019-05-29,44.105,46.797245
2019-05-30,44.487499,46.200165
2019-05-31,44.057499,45.925518
2019-06-03,43.900002,45.701862
2019-06-04,43.860001,45.135506
2019-06-05,46.07,45.62916
2019-06-06,45.77,45.951393
2019-06-07,46.627499,46.498383
2019-06-10,47.952499,47.071404
2019-06-11,48.715,48.060677
2019-06-12,48.487499,48.50473
2019-06-13,48.674999,48.588577
2019-06-14,47.887501,48.65143
2019-06-17,48.224998,48.7377
2019-06-18,49.012501,48.80427
2019-06-19,49.919998,49.57336
2019-06-20,50.092499,49.706596
2019-06-21,49.700001,50.432487
2019-06-24,49.634998,50.277958
2019-06-25,49.607498,50.75141
2019-06-26,49.442501,50.478138
2019-06-27,50.072498,50.818718
2019-06-28,49.669998,50.797253
2019-07-01,50.7925,51.055466
2019-07-02,50.352501,50.96454
2019-07-03,50.82,51.351135
2019-07-05,50.837502,51.265877
2019-07-08,50.202499,51.753338
2019-07-09,49.799999,51.52477
2019-07-10,50.462502,51.405643
2019-07-11,50.827499,51.532303
2019-07-12,50.612499,51.41227
2019-07-15,51.022499,51.53707
2019-07-16,51.147499,51.743652
2019-07-17,51.012501,51.634224
2019-07-18,51.0,51.651
2019-07-19,51.447498,51.704636
2019-07-22,50.912498,51.80621
2019-07-23,52.115002,51.958008
2019-07-24,51.9175,52.46039
2019-07-25,52.2225,52.542732
2019-07-26,51.86999900000001,52.46996
2019-07-29,52.115002,52.499775
2019-07-30,52.189999,52.86262
2019-07-31,54.105,52.814148
2019-08-01,53.474998,53.117195
2019-08-02,51.3825,52.829796
2019-08-05,49.497501,51.85134
2019-08-06,49.077499,50.9572
2019-08-07,48.852501,50.066093
2019-08-08,50.049999,50.806877
2019-08-09,50.325001,50.659405
2019-08-12,49.904999,51.250183
2019-08-13,50.255001,51.01196
2019-08-14,50.790001,52.060867
2019-08-15,50.865002,52.20207
2019-08-16,51.07,52.568436
2019-08-19,52.654999,51.844406
2019-08-20,52.72000100000001,53.171844
2019-08-21,53.247501,52.958122
2019-08-22,53.297501,53.346268
2019-08-23,52.357498,52.997894
2019-08-26,51.465,52.88745
2019-08-27,51.965,52.37455
2019-08-28,51.025002,53.0167
2019-08-29,52.125,52.48421
2019-08-30,52.540001,53.068996
2019-09-03,51.607498,52.97324
2019-09-04,52.0975,53.107998
2019-09-05,53.0,52.7881
2019-09-06,53.512501,53.89672
2019-09-09,53.709999,53.6913
2019-09-10,53.465,54.315872
2019-09-11,54.517502,54.318573
2019-09-12,56.200001,55.006874
2019-09-13,55.0,55.56743
2019-09-16,54.43249900000001,55.75391
2019-09-17,54.990002,55.01282
2019-09-18,55.264999,55.668427
2019-09-19,55.502499,55.669777
2019-09-20,55.345001,56.010193
2019-09-23,54.737499,55.512146
2019-09-24,55.25749999999999,55.33596
2019-09-25,54.637501,55.747593
2019-09-26,55.0,55.972992
2019-09-27,55.134998,56.266876
2019-09-30,55.224998,55.96718
2019-10-01,56.26750200000001,56.1989
2019-10-02,55.764999,56.33387
2019-10-03,54.607498,56.702587
2019-10-04,56.41,56.032745
2019-10-07,56.567501,57.34858
2019-10-08,56.455002,57.07921
2019-10-09,56.7575,57.57511
2019-10-10,56.982498,56.70969
2019-10-11,58.237499,57.682922
2019-10-14,58.724998,58.145504
2019-10-15,59.0975,59.130867
2019-10-16,58.34249899999999,58.96962
2019-10-17,58.772499,58.955097
2019-10-18,58.647498999999996,58.996605
2019-10-21,59.380001,59.34121
2019-10-22,60.290001,59.818535
2019-10-23,60.525002,60.107086
2019-10-24,61.127499,60.375473
2019-10-25,60.790001,60.642387
2019-10-28,61.855,61.096535
2019-10-29,62.2425,61.88122
2019-10-30,61.189999,61.71651
2019-10-31,61.810001,61.537315
2019-11-01,62.384998,61.51764
2019-11-04,64.332497,62.560966
2019-11-05,64.262497,63.016296
2019-11-06,64.192497,63.858025
2019-11-07,64.684998,63.288513
2019-11-08,64.672501,64.26268
2019-11-11,64.574997,64.18254
2019-11-12,65.387497,64.849205
2019-11-13,65.282501,65.042496
2019-11-14,65.9375,65.431984
2019-11-15,65.919998,65.48602
2019-11-18,66.449997,65.81949
2019-11-19,66.974998,66.143684
2019-11-20,66.385002,66.50806
2019-11-21,65.922501,66.15949
2019-11-22,65.647499,65.78796
2019-11-25,65.677498,65.74591
2019-11-26,66.735001,65.923096
2019-11-27,66.394997,66.319244
2019-11-29,66.650002,66.66167
2019-12-02,66.817497,66.71867
2019-12-03,64.577499,66.73119
2019-12-04,65.267502,66.23604
2019-12-05,65.947502,66.328354
2019-12-06,66.870003,66.40988
2019-12-09,67.5,67.04225
2019-12-10,67.150002,67.074036
2019-12-11,67.202499,67.216156
2019-12-12,66.945,67.09568
2019-12-13,67.864998,67.49257
2019-12-16,69.25,67.825195
2019-12-17,69.892502,68.317154
2019-12-18,69.949997,68.47296
2019-12-19,69.875,68.67743
2019-12-20,70.557503,68.50798
2019-12-23,70.1325,68.45805
2019-12-24,71.172501,68.77456
2019-12-26,71.205002,70.120255
2019-12-27,72.779999,70.20952
2019-12-30,72.364998,71.510735
2019-12-31,72.482498,71.509094
2019-06-27,50.072498,49.96332
2019-06-28,49.669998,50.018795
2019-07-01,50.7925,50.22074
2019-07-02,50.352501,50.194717
2019-07-03,50.82,50.816315
2019-07-05,50.837502,50.92648
2019-07-08,50.202499,51.187134
2019-07-09,49.799999,50.984047
2019-07-10,50.462502,50.530174
2019-07-11,50.827499,51.04361
2019-07-12,50.612499,50.97179
2019-07-15,51.022499,51.021255
2019-07-16,51.147499,51.334076
2019-07-17,51.012501,51.360443
2019-07-18,51.0,51.251877
2019-07-19,51.447498,51.332985
2019-07-22,50.912498,51.31472
2019-07-23,52.115002,51.52337
2019-07-24,51.9175,51.987907
2019-07-25,52.2225,52.21216
2019-07-26,51.869999,52.238136
2019-07-29,52.115002,52.100327
2019-07-30,52.189999,52.308216
2019-07-31,54.105,52.276615
2019-08-01,53.474998,53.18527
2019-08-02,51.3825,52.731026
2019-08-05,49.497501,51.976322
2019-08-06,49.077499,50.506897
2019-08-07,48.852501,50.01213
2019-08-08,50.049999,49.95951
2019-08-09,50.325001,50.594658
2019-08-12,49.904999,50.716232
2019-08-13,50.255001,50.82643
2019-08-14,50.790001,51.940628
2019-08-15,50.865002,52.027115
2019-08-16,51.07,51.910477
2019-08-19,52.654999,52.306896
2019-08-20,52.720001,53.136223
2019-08-21,53.247501,53.49315
2019-08-22,53.297501,53.68599
2019-08-23,52.357498,53.34242
2019-08-26,51.465,53.010612
2019-08-27,51.965,51.692688
2019-08-28,51.025002,52.038193
2019-08-29,52.125,51.70552
2019-08-30,52.540001,52.245956
2019-09-03,51.607498,52.23316
2019-09-04,52.0975,52.420273
2019-09-05,53.0,52.183838
2019-09-06,53.512501,53.25422
2019-09-09,53.709998999999996,53.210327
2019-09-10,53.465,53.692043
2019-09-11,54.517502,53.510323
2019-09-12,56.200001,54.96407
2019-09-13,55.0,55.09666
2019-09-16,54.432499,55.772285
2019-09-17,54.990002,54.618988
2019-09-18,55.264999,55.5179
2019-09-19,55.502499,55.094574
2019-09-20,55.34500100000001,55.37986
2019-09-23,54.737499,54.996704
2019-09-24,55.2575,54.75925
2019-09-25,54.637501,54.837914
2019-09-26,55.0,55.380566
2019-09-27,55.134998,55.24443
2019-09-30,55.224998,55.264755
2019-10-01,56.267502,55.599667
2019-10-02,55.764999,56.19618
2019-10-03,54.607498,56.178093
2019-10-04,56.41,55.10517
2019-10-07,56.567501,56.541122
2019-10-08,56.455002,56.30976
2019-10-09,56.75749999999999,57.031143
2019-10-10,56.982498,56.36615
2019-10-11,58.237499,57.32845
2019-10-14,58.724998,57.827633
2019-10-15,59.0975,58.765823
2019-10-16,58.342499,58.768707
2019-10-17,58.772499,58.776474
2019-10-18,58.647499,58.45124
2019-10-21,59.38000099999999,58.9324
2019-10-22,60.290001,59.303677
2019-10-23,60.525002,59.7063
2019-10-24,61.127499,59.898453
2019-10-25,60.790001,60.267628
2019-10-28,61.855,60.6578
2019-10-29,62.2425,61.14634
2019-10-30,61.189999,61.242577
2019-10-31,61.810001,60.331776
2019-11-01,62.384998,60.585175
2019-11-04,64.332497,62.300743
2019-11-05,64.262497,62.97234
2019-11-06,64.192497,63.543457
2019-11-07,64.684998,63.486366
2019-11-08,64.672501,63.848557
2019-11-11,64.574997,63.956947
2019-11-12,65.387497,64.3461
2019-11-13,65.282501,64.50666
2019-11-14,65.9375,65.02329
2019-11-15,65.919998,65.19163
2019-11-18,66.449997,65.450745
2019-11-19,66.974998,65.71591
2019-11-20,66.385002,65.90741
2019-11-21,65.922501,65.77652
2019-11-22,65.647499,64.95487
2019-11-25,65.677498,65.29552
2019-11-26,66.735001,65.70493
2019-11-27,66.394997,65.93148
2019-11-29,66.650002,66.219406
2019-12-02,66.817497,66.4917
2019-12-03,64.577499,66.49952
2019-12-04,65.267502,65.539986
2019-12-05,65.947502,65.560265
2019-12-06,66.870003,66.3084
2019-12-09,67.5,66.8245
2019-12-10,67.150002,67.24878
2019-12-11,67.202499,66.67132
2019-12-12,66.945,67.27938
2019-12-13,67.864998,67.09314
2019-12-16,69.25,67.687744
2019-12-17,69.892502,68.6627
2019-12-18,69.949997,69.09068
2019-12-19,69.875,69.34746
2019-12-20,70.557503,69.189674
2019-12-23,70.1325,69.31177
2019-12-24,71.172501,69.52782
2019-12-26,71.205002,70.070526
2019-12-27,72.779999,71.20536
2019-12-30,72.36499799999999,71.24232
2019-12-31,72.482498,71.59454
2020-01-02,74.059998,71.54028
2020-01-03,74.287498,73.12292
2020-01-06,73.447502,73.30863
2020-01-07,74.95999900000001,73.66358
2020-01-08,74.290001,73.5245
2020-01-09,76.809998,74.32007
2020-01-10,77.650002,75.409485
2020-01-13,77.910004,76.022766
2020-01-14,79.175003,76.780136
2020-01-15,77.962502,77.37697
2020-01-16,78.397499,76.957924
2020-01-17,79.067497,77.10979
2020-01-21,79.297501,77.74654
2020-01-22,79.644997,77.91806
2020-01-23,79.480003,78.08586
2020-01-24,80.0625,78.19182
2020-01-27,77.514999,78.42645
2020-01-28,78.150002,77.97739
2020-01-29,81.112503,77.78941
2020-01-30,80.135002,79.80641
2020-01-31,80.232498,80.20128
2020-02-03,76.074997,80.11011
2020-02-04,78.82749899999999,77.38492
2020-02-05,80.879997,79.127014
2020-02-06,80.642502,79.16998
2020-02-07,80.592499,80.320724
2020-02-10,78.544998,79.94842
2020-02-11,80.900002,79.65114
2020-02-12,80.3675,79.8934
2020-02-13,81.047501,80.81799
2020-02-14,81.184998,80.922676
2020-02-18,78.839996,81.09206
2020-02-19,80.0,80.60971
2020-02-20,80.657501,80.769714
2020-02-21,79.654999,80.78648
2020-02-24,74.315002,80.0084
2020-02-25,75.237503,77.58189
2020-02-26,71.6325,74.39113
2020-02-27,70.275002,74.78226
2020-02-28,64.315002,73.013535
2020-03-02,70.57,70.154816
2020-03-03,75.917503,73.5485
2020-03-04,74.11000099999998,73.25665
2020-03-05,73.879997,75.30313
2020-03-06,70.5,74.14908
2020-03-09,65.9375,74.1112
2020-03-10,69.285004,71.67321
2020-03-11,69.347504,71.82367
2020-03-12,63.985001,71.21492
2020-03-13,66.222504,70.62952
2020-03-16,60.487499,69.196
2020-03-17,61.877499,68.669334
2020-03-18,59.942501,65.60272
2020-03-19,61.8475,65.76101
2020-03-20,61.794998,63.80116
2020-03-23,57.02,63.62712
2020-03-24,59.09,60.45656
2020-03-25,62.6875,62.9718
2020-03-26,61.630001,63.60152
2020-03-27,63.1875,65.49339
2020-03-30,62.685001,64.64011
2020-03-31,63.900002,64.78795
2020-04-01,61.625,65.44348
2020-04-02,60.084999,64.942566
2020-04-03,60.700001,62.222008
2020-04-06,62.724998,63.140617
2020-04-07,67.699997,65.038864
2020-04-08,65.684998,65.983765
2020-04-09,67.175003,66.98655
2020-04-13,67.077499,66.376816
2020-04-14,70.0,67.71166
2020-04-15,70.599998,69.73332
2020-04-16,71.845001,70.822815
2020-04-17,71.172501,71.11743
2020-04-20,69.487503,70.419334
2020-04-21,69.07,69.77928
2020-04-22,68.402496,68.64986
2020-04-23,68.967499,68.74844
2020-04-24,69.300003,68.87468
2020-04-27,70.449997,69.78083
2020-04-28,71.26999700000002,70.20428
2020-04-29,71.182503,70.622826
2020-04-30,72.489998,71.06486
2020-05-01,71.5625,72.20947
2020-05-04,72.292503,72.49866
2020-05-05,73.764999,72.68841
2020-05-06,75.114998,73.49296
2020-05-07,75.805,74.22558
2020-05-08,76.410004,74.71564
2020-05-11,77.025002,75.35675
2020-05-12,79.45749700000002,76.365875
2020-05-13,78.037498,76.97718
2020-05-14,76.127502,76.549774
2020-05-15,75.087502,75.76799
2020-05-18,78.292503,75.75162
2020-05-19,78.7575,77.169846
2020-05-20,79.169998,77.65949
2020-05-21,79.665001,78.60837
2020-05-22,78.942497,78.74833
2020-05-26,80.875,78.92613
2020-05-27,79.035004,78.93099
2020-05-28,79.192497,78.61093
2020-05-29,79.8125,78.83242
